Rank,POS,AVG,Player,Team,Bye,player_id,position_group,predicted_fantasy_points,adp_rank,replacement_value,vor,rank
44,WR17,46.0,Cooper Kupp,LAR,11,00-0033908,WR,432.48709894180297,44.0,118.19999694824219,314.2871019935608,1.0
29,QB2,30.0,Josh Allen,BUF,7,00-0034857,QB,399.0114015811682,29.0,111.19999694824219,287.811404632926,2.0
63,QB8,62.2,Justin Herbert,LAC,7,00-0036355,QB,379.3693000626564,63.0,111.19999694824219,268.1693031144142,3.0
70,QB9,71.8,Tom Brady,None,None,00-0019596,QB,367.75860493153334,70.0,111.19999694824219,256.55860798329115,4.0
18,QB1,18.2,Patrick Mahomes,KC,12,00-0033873,QB,366.59070002168414,18.0,111.19999694824219,255.39070307344195,5.0
11,RB9,10.4,Jonathan Taylor,IND,14,00-0036223,RB,368.51910113438964,10.0,117.80000305175781,250.71909808263183,6.0
6,WR1,6.6,Davante Adams,LV,8,00-0031381,WR,345.74049916148186,6.0,118.19999694824219,227.54050221323968,7.0
53,QB5,54.4,Aaron Rodgers,NYJ,6,00-0023459,QB,337.9064008784294,53.0,111.19999694824219,226.7064039301872,8.0
10,RB8,10.4,Austin Ekeler,LAC,7,00-0033699,RB,336.0711009335518,10.0,117.80000305175781,218.271097881794,9.0
85,QB10,88.2,Matthew Stafford,LAR,11,00-0026498,QB,328.2148995065689,82.0,111.19999694824219,217.0149025583267,10.0
23,WR7,23.4,Justin Jefferson,MIN,7,00-0036322,WR,331.4935983535647,23.0,118.19999694824219,213.29360140532253,11.0
84,WR35,88.0,Deebo Samuel,SF,6,00-0035719,WR,329.7053988513351,81.0,118.19999694824219,211.5054019030929,12.0
55,QB7,56.0,Dak Prescott,DAL,7,00-0033077,QB,320.06609928667547,55.0,111.19999694824219,208.86610233843328,13.0
110,QB13,111.2,Joe Burrow,CIN,10,00-0036442,QB,315.8429969140887,102.0,111.19999694824219,204.6429999658465,14.0
49,TE5,50.6,Mark Andrews,BAL,8,00-0034753,TE,302.4769970321655,49.0,112.0,190.4769970321655,15.0
95,QB12,97.0,Jalen Hurts,PHI,14,00-0036389,QB,301.64690292405584,92.0,111.19999694824219,190.44690597581365,16.0
40,QB3,40.2,Kyler Murray,ARI,12,00-0035228,QB,300.5860033524036,40.0,111.19999694824219,189.38600640416144,17.0
153,QB19,157.8,Kirk Cousins,MIN,7,00-0029604,QB,296.7396003338695,139.0,111.19999694824219,185.5396033856273,18.0
13,WR2,10.6,Tyreek Hill,MIA,14,00-0033040,WR,295.43359683543446,13.0,118.19999694824219,177.23359988719227,19.0
179,K9,183.6,Daniel Carlson,LV,8,00-0034161,K,176.65150001093747,160.0,0.0,176.65150001093747,20.0
14,WR3,14.0,Stefon Diggs,BUF,7,00-0031588,WR,289.0352983996272,14.0,118.19999694824219,170.83530145138502,21.0
21,RB13,20.8,Joe Mixon,CIN,10,00-0033897,RB,288.53529802680015,21.0,117.80000305175781,170.73529497504234,22.0
92,QB11,93.4,Ryan Tannehill,TEN,13,00-0029701,QB,275.9180017125607,88.0,111.19999694824219,164.7180047643185,23.0
311,K31,295.0,Nick Folk,TEN,13,00-0025565,K,160.1740000168979,274.0,0.0,160.1740000168979,24.0
127,K2,127.8,Justin Tucker,BAL,8,00-0029597,K,156.77608339230218,116.0,0.0,156.77608339230218,25.0
242,K18,239.5,Chris Boswell,PIT,7,00-0031136,K,156.72920001141728,219.0,0.0,156.72920001141728,26.0
51,WR21,51.8,Diontae Johnson,PIT,7,00-0035216,WR,274.351802932024,51.0,118.19999694824219,156.1518059837818,27.0
152,K4,155.0,Tyler Bass,BUF,7,00-0036162,K,152.7101184721511,138.0,0.0,152.7101184721511,28.0
466,K42,430.0,Greg Joseph,MIN,7,00-0034450,K,152.2620488148108,349.0,0.0,152.2620488148108,29.0
7,TE1,8.4,Travis Kelce,KC,12,00-0030506,TE,261.7179954220355,7.0,112.0,149.71799542203547,30.0
198,K12,207.2,Matt Prater,ARI,12,00-0023853,K,148.82141074802195,182.0,0.0,148.82141074802195,31.0
181,QB25,186.4,Derek Carr,NO,6,00-0031280,QB,259.24830211907624,162.0,111.19999694824219,148.04830517083406,32.0
5,RB5,5.8,Ezekiel Elliott,NE,14,00-0033045,RB,263.70990234047173,5.0,117.80000305175781,145.90989928871392,33.0
35,WR13,35.4,Mike Evans,TB,9,00-0031408,WR,263.2635986316204,35.0,118.19999694824219,145.06360168337824,34.0
294,K28,286.0,Jake Elliott,PHI,14,00-0033787,K,144.71249997671694,267.0,0.0,144.71249997671694,35.0
97,RB35,100.8,James Conner,ARI,12,00-0033553,RB,261.85539746813475,94.0,117.80000305175781,144.05539441637694,36.0
227,QB30,231.8,Carson Wentz,LAR,11,00-0032950,QB,254.419100420475,208.0,111.19999694824219,143.2191034722328,37.0
27,WR9,27.4,Keenan Allen,LAC,7,00-0030279,WR,261.035398953706,27.0,118.19999694824219,142.83540200546383,38.0
202,K13,209.0,Matt Gay,IND,14,00-0035269,K,142.3569999872893,186.0,0.0,142.3569999872893,39.0
126,K1,127.8,Harrison Butker,KC,12,00-0033303,K,140.32555002817512,116.0,0.0,140.32555002817512,40.0
276,K22,286.3,Dustin Hopkins,CLE,13,00-0030098,K,136.10600000977516,268.0,0.0,136.10600000977516,41.0
262,WR85,260.8,Hunter Renfrow,LV,8,00-0034983,WR,251.21466914956767,241.0,118.19999694824219,133.01467220132548,42.0
54,QB6,55.6,Russell Wilson,DEN,11,00-0029263,QB,244.11739999473096,54.0,111.19999694824219,132.91740304648877,43.0
47,WR19,49.2,Tyler Lockett,SEA,9,00-0032211,WR,249.41310054451228,47.0,118.19999694824219,131.2131035962701,44.0
42,WR16,42.4,Chris Godwin,TB,9,00-0033921,WR,247.95870209932326,42.0,118.19999694824219,129.75870515108107,45.0
120,WR50,123.0,Mike Williams,LAC,7,00-0033536,WR,247.70300309062006,110.0,118.19999694824219,129.50300614237787,46.0
20,WR6,18.8,DK Metcalf,SEA,9,00-0035640,WR,247.1554998537898,20.0,118.19999694824219,128.9555029055476,47.0
175,K8,177.6,Greg Zuerlein,NYJ,6,00-0029621,K,124.85891391940332,156.0,0.0,124.85891391940332,48.0
141,K3,143.2,Younghoe Koo,ATL,6,00-0033702,K,124.69571130685948,128.0,0.0,124.69571130685948,49.0
232,K16,229.5,Graham Gano,NYG,10,00-0026858,K,124.30199997212738,206.0,0.0,124.30199997212738,50.0
82,RB31,86.4,Leonard Fournette,BUF,7,00-0033856,RB,241.60490101456642,79.0,117.80000305175781,123.80489796280861,51.0
192,K11,195.0,Mason Crosby,LAR,11,00-0025580,K,123.35849998056888,171.0,0.0,123.35849998056888,52.0
52,WR22,53.4,DJ Moore,CHI,10,00-0034827,WR,239.62089868225158,52.0,118.19999694824219,121.42090173400939,53.0
208,K14,195.5,Brandon McManus,JAC,7,00-0029822,K,121.09035758310195,173.0,0.0,121.09035758310195,54.0
43,QB4,44.8,Lamar Jackson,BAL,8,00-0034796,QB,231.9199004393816,43.0,111.19999694824219,120.7199034911394,55.0
364,K36,326.5,Randy Bullock,NYG,10,00-0029421,K,119.35740002397448,296.0,0.0,119.35740002397448,56.0
8,RB6,9.4,Aaron Jones,GB,13,00-0033293,RB,236.19799996703864,8.0,117.80000305175781,118.39799691528083,57.0
269,K21,249.5,Cairo Santos,CHI,10,00-0031203,K,118.05899999860674,230.0,0.0,118.05899999860674,58.0
252,K19,248.8,Evan McPherson,CIN,10,00-0036854,K,117.61345894836872,228.0,0.0,117.61345894836872,59.0
102,WR43,106.4,Michael Pittman,IND,14,00-0036252,WR,234.5953492184214,97.0,118.19999694824219,116.39535227017922,60.0
140,QB17,141.8,Matt Ryan,None,None,00-0026143,QB,227.14639990329744,127.0,111.19999694824219,115.94640295505525,61.0
158,K5,163.4,Jason Sanders,MIA,14,00-0034794,K,115.88412734565836,142.0,0.0,115.88412734565836,62.0
3,RB3,3.0,Alvin Kamara,NO,6,00-0033906,RB,232.12610203146934,3.0,117.80000305175781,114.32609897971153,63.0
264,RB74,248.3,Cordarrelle Patterson,ATL,6,00-0030578,RB,230.25566691090663,227.0,117.80000305175781,112.45566385914881,64.0
272,QB34,262.3,Jimmy Garoppolo,LV,8,00-0031345,QB,222.71967583990346,243.0,111.19999694824219,111.51967889166127,65.0
17,RB12,17.6,Antonio Gibson,WAS,9,00-0036328,RB,228.8916007426381,17.0,117.80000305175781,111.09159769088029,66.0
36,RB18,36.4,Josh Jacobs,LV,8,00-0035700,RB,226.64420071274043,36.0,117.80000305175781,108.84419766098262,67.0
90,WR38,92.8,Brandin Cooks,DAL,7,00-0031236,WR,224.92450089097022,87.0,118.19999694824219,106.72450394272803,68.0
313,K32,300.0,Joey Slye,WAS,9,00-0035192,K,105.92350000113248,280.0,0.0,105.92350000113248,69.0
190,K10,193.4,Jason Myers,SEA,9,00-0031492,K,105.87162500455976,169.0,0.0,105.87162500455976,70.0
159,QB21,165.0,Ben Roethlisberger,None,None,00-0022924,QB,216.70690198503434,143.0,111.19999694824219,105.50690503679215,71.0
122,WR51,123.2,Marquise Brown,ARI,12,00-0035662,WR,222.43729982733726,113.0,118.19999694824219,104.23730287909507,72.0
28,WR10,29.6,Terry McLaurin,WAS,9,00-0035659,WR,221.3099004238844,28.0,118.19999694824219,103.1099034756422,73.0
33,WR12,32.8,CeeDee Lamb,DAL,7,00-0036358,WR,221.026799569726,33.0,118.19999694824219,102.82680262148381,74.0
64,WR24,64.8,Tee Higgins,CIN,10,00-0036410,WR,219.5276001101732,64.0,118.19999694824219,101.32760316193102,75.0
129,WR52,128.6,Darnell Mooney,CHI,10,00-0036309,WR,216.14113017677917,119.0,118.19999694824219,97.94113322853698,76.0
472,QB51,437.0,Taylor Heinicke,ATL,6,00-0031800,QB,208.95339802511037,353.0,111.19999694824219,97.75340107686819,77.0
286,K25,280.5,Michael Badgley,DET,9,00-0034084,K,96.87929169460138,263.0,0.0,96.87929169460138,78.0
71,RB29,72.0,Damien Harris,BUF,7,00-0035657,RB,214.20684747971595,71.0,117.80000305175781,96.40684442795813,79.0
278,TE34,269.0,Dalton Schultz,HOU,10,00-0034383,TE,204.57650052309037,247.0,112.0,92.57650052309037,80.0
12,RB10,10.4,Nick Chubb,CLE,13,00-0034791,RB,207.475697761029,10.0,117.80000305175781,89.6756947092712,81.0
251,QB33,248.8,Teddy Bridgewater,DET,9,00-0031237,QB,200.0023995372653,228.0,111.19999694824219,88.8024025890231,82.0
2,RB2,2.0,Dalvin Cook,NYJ,6,00-0033893,RB,204.89169899880886,2.0,117.80000305175781,87.09169594705105,83.0
220,WR73,209.3,Christian Kirk,JAC,7,00-0034775,WR,203.79460012964904,187.0,118.19999694824219,85.59460318140685,84.0
26,TE3,26.8,George Kittle,SF,6,00-0033288,TE,195.1596643324693,26.0,112.0,83.1596643324693,85.0
50,WR20,50.6,Adam Thielen,CAR,13,00-0030035,WR,200.925100530982,49.0,118.19999694824219,82.72510358273982,86.0
245,QB32,238.0,Jared Goff,DET,9,00-0033106,QB,192.08750195264815,215.0,111.19999694824219,80.88750500440597,87.0
172,QB23,177.0,Mac Jones,NE,14,00-0036972,QB,191.49171965112788,154.0,111.19999694824219,80.29172270288569,88.0
30,RB15,30.2,David Montgomery,DET,9,00-0035685,RB,197.8458000010252,30.0,117.80000305175781,80.04579694926738,89.0
283,K24,284.0,Chase McLaughlin,TB,9,00-0035358,K,79.38779999371619,266.0,0.0,79.38779999371619,90.0
41,WR15,41.2,Amari Cooper,CLE,13,00-0031544,WR,196.97560158878565,41.0,118.19999694824219,78.77560464054346,91.0
290,K26,281.5,Ka'imi Fairbairn,HOU,10,00-0032726,K,77.79229170961926,264.0,0.0,77.79229170961926,92.0
112,RB39,112.4,Devin Singletary,HOU,10,00-0035250,RB,193.348120807619,104.0,117.80000305175781,75.5481177558612,93.0
37,RB19,36.8,D'Andre Swift,PHI,14,00-0036275,RB,192.8253011959791,37.0,117.80000305175781,75.0252981442213,94.0
160,TE17,165.2,Zach Ertz,None,None,00-0030061,TE,184.317265319426,144.0,112.0,72.31726531942601,95.0
136,QB15,138.6,Baker Mayfield,TB,9,00-0034855,QB,183.01269968103617,124.0,111.19999694824219,71.81270273279398,96.0
4,RB4,4.0,Derrick Henry,TEN,13,00-0032764,RB,188.60369933605196,4.0,117.80000305175781,70.80369628429415,97.0
128,QB14,128.0,Trevor Lawrence,JAC,7,00-0036971,QB,181.88929637110164,118.0,111.19999694824219,70.68929942285945,98.0
143,WR57,145.0,Jakobi Meyers,LV,8,00-0034960,WR,188.78939831256866,130.0,118.19999694824219,70.58940136432648,99.0
206,RB57,213.2,Darrel Williams,None,None,00-0034301,RB,186.96189945824443,193.0,117.80000305175781,69.16189640648662,100.0
154,QB20,158.6,Tua Tagovailoa,MIA,14,00-0036212,QB,178.84000230588018,140.0,111.19999694824219,67.64000535763799,101.0
34,RB17,33.4,James Robinson,None,None,00-0035831,RB,184.13899955019355,34.0,117.80000305175781,66.33899649843573,102.0
199,QB27,207.2,Daniel Jones,NYG,10,00-0035710,QB,177.38650020457806,182.0,111.19999694824219,66.18650325633587,103.0
24,WR8,23.8,A.J. Brown,PHI,14,00-0035676,WR,182.4624987785518,24.0,118.19999694824219,64.26250183030962,104.0
432,K39,394.0,Matt Ammendola,HOU,10,00-0036469,K,64.18969177955894,327.0,0.0,64.18969177955894,105.0
118,WR48,122.4,Marvin Jones,None,None,00-0029293,WR,182.3185160125171,109.0,118.19999694824219,64.11851906427492,106.0
87,WR36,91.2,Tyler Boyd,CIN,10,00-0033009,WR,182.28200054556132,84.0,118.19999694824219,64.08200359731913,107.0
61,WR23,60.8,Brandon Aiyuk,SF,6,00-0036261,WR,177.38780131548643,61.0,118.19999694824219,59.18780436724424,108.0
96,TE10,99.2,Dallas Goedert,PHI,14,00-0034351,TE,171.1846013599634,93.0,112.0,59.18460135996341,109.0
48,RB21,49.8,Myles Gaskin,MIN,7,00-0035311,RB,173.63540197253226,48.0,117.80000305175781,55.83539892077445,110.0
371,WR111,320.5,Kendrick Bourne,NE,14,00-0033307,WR,173.5953742098449,293.0,118.19999694824219,55.395377261602704,111.0
150,TE15,153.2,Hunter Henry,NE,14,00-0033090,TE,165.2985015374422,136.0,112.0,53.298501537442206,112.0
125,TE14,125.6,Rob Gronkowski,None,None,00-0027656,TE,165.1055302150796,115.0,112.0,53.1055302150796,113.0
108,TE11,109.8,Mike Gesicki,NE,14,00-0034829,TE,163.38900134183467,101.0,112.0,51.38900134183467,114.0
68,WR26,69.2,Chase Claypool,MIA,14,00-0036326,WR,169.46023380043607,68.0,118.19999694824219,51.260236852193884,115.0
81,TE8,84.2,Noah Fant,SEA,9,00-0035644,TE,163.21575121432542,78.0,112.0,51.21575121432542,116.0
146,WR59,148.8,Russell Gage,TB,9,00-0034411,WR,164.24212623082101,133.0,118.19999694824219,46.04212928257883,117.0
477,K43,442.0,Eddy Pineiro,CAR,13,00-0034173,K,45.71327613101899,358.0,0.0,45.71327613101899,118.0
205,QB29,212.0,Sam Darnold,SF,6,00-0034869,QB,156.00160010650754,192.0,111.19999694824219,44.80160315826535,119.0
142,WR56,143.8,Cole Beasley,None,None,00-0029000,WR,162.4241318882505,129.0,118.19999694824219,44.22413494000833,120.0
323,WR97,294.0,Van Jefferson,ATL,6,00-0036415,WR,162.22049987763165,273.0,118.19999694824219,44.020502929389465,121.0
285,TE36,274.0,Dawson Knox,BUF,7,00-0035689,TE,154.5727025565505,255.0,112.0,42.572702556550496,122.0
59,RB24,60.0,Darrell Henderson,None,None,00-0035664,RB,157.54684977849428,59.0,117.80000305175781,39.746846726736464,123.0
132,RB44,132.6,Tony Pollard,DAL,7,00-0035261,RB,156.18311541257515,121.0,117.80000305175781,38.383112360817336,124.0
111,TE12,112.0,Tyler Higbee,LAR,11,00-0033110,TE,149.53775096515815,103.0,112.0,37.53775096515815,125.0
387,WR118,317.0,Tim Patrick,DEN,11,00-0033375,WR,155.4452987119183,290.0,118.19999694824219,37.24530176367611,126.0
60,RB25,60.6,Javonte Williams,DEN,11,00-0036997,RB,151.59896905941588,60.0,117.80000305175781,33.798966007658066,127.0
194,WR67,197.0,A.J. Green,None,None,00-0027942,WR,151.9188102476463,174.0,118.19999694824219,33.718813299404104,128.0
474,QB52,439.0,Davis Mills,HOU,10,00-0036898,QB,144.45164999592697,355.0,111.19999694824219,33.25165304768478,129.0
119,WR49,123.0,Marquez Callaway,NO,6,00-0036219,WR,149.9663882036544,110.0,118.19999694824219,31.766391255412202,130.0
15,RB11,15.6,Najee Harris,PIT,7,00-0036893,RB,149.21850156089752,15.0,117.80000305175781,31.41849850913971,131.0
58,TE6,58.2,T.J. Hockenson,MIN,7,00-0035229,TE,142.60490000486374,58.0,112.0,30.604900004863737,132.0
189,QB26,192.4,Zach Wilson,NYJ,6,00-0037013,QB,141.6811958021565,168.0,111.19999694824219,30.48119885391432,133.0
16,WR4,17.2,DeAndre Hopkins,TEN,13,00-0030564,WR,147.1740986983478,16.0,118.19999694824219,28.974101750105604,134.0
22,TE2,22.4,Darren Waller,NYG,10,00-0031610,TE,139.63550004020334,22.0,112.0,27.63550004020334,135.0
78,WR34,79.6,Courtland Sutton,DEN,11,00-0034348,WR,145.4274199742273,76.0,118.19999694824219,27.227423025985104,136.0
56,RB22,56.8,Mike Davis,None,None,00-0032063,RB,144.75540044665337,56.0,117.80000305175781,26.955397394895556,137.0
233,RB65,200.0,Devontae Booker,None,None,00-0032972,RB,144.65684823747725,178.0,117.80000305175781,26.856845185719436,138.0
114,RB41,117.8,Sony Michel,None,None,00-0034845,RB,143.43426437841376,106.0,117.80000305175781,25.634261326655945,139.0
361,TE45,339.5,Tyler Conklin,NYJ,6,00-0034270,TE,136.79150067787617,300.0,112.0,24.791500677876172,140.0
235,WR78,227.8,Allen Lazard,NYJ,6,00-0034521,WR,142.54532443873518,204.0,118.19999694824219,24.34532749049299,141.0
73,WR29,74.4,Ja'Marr Chase,CIN,10,00-0036900,WR,142.3659600099434,73.0,118.19999694824219,24.165963061701206,142.0
9,RB7,9.6,Saquon Barkley,NYG,10,00-0034844,RB,140.70447444812643,9.0,117.80000305175781,22.90447139636862,143.0
161,TE18,165.4,Jared Cook,None,None,00-0027061,TE,132.97191354351241,145.0,112.0,20.971913543512414,144.0
99,WR42,103.4,Jarvis Landry,None,None,00-0031382,WR,138.6057995650172,96.0,118.19999694824219,20.40580261677502,145.0
62,RB26,62.0,Chase Edmonds,TB,9,00-0034681,RB,137.03913355059922,62.0,117.80000305175781,19.239130498841405,146.0
138,RB45,139.8,J.D. McKissic,None,None,00-0032602,RB,136.47919909596442,125.0,117.80000305175781,18.679196044206606,147.0
39,WR14,38.4,Robert Woods,HOU,10,00-0030431,WR,135.67950051546097,39.0,118.19999694824219,17.479503567218785,148.0
89,WR37,91.8,Laviska Shenault,CAR,13,00-0036268,WR,134.699399090223,85.0,118.19999694824219,16.499402141980823,149.0
193,WR66,195.4,Emmanuel Sanders,None,None,00-0027685,WR,134.44809981532396,172.0,118.19999694824219,16.24810286708177,150.0
133,WR54,132.8,Mecole Hardman,KC,12,00-0035140,WR,133.93897613094342,122.0,118.19999694824219,15.738979182701229,151.0
369,TE46,308.0,C.J. Uzomah,NYJ,6,00-0032134,TE,127.52650151729584,284.0,112.0,15.526501517295841,152.0
66,WR25,67.8,Odell Beckham,BAL,8,00-0031235,WR,131.46446680862954,66.0,118.19999694824219,13.26446986038735,153.0
75,WR31,77.0,DeVonta Smith,PHI,14,00-0036912,WR,131.22140969929313,75.0,118.19999694824219,13.021412751050946,154.0
1,RB1,1.0,Christian McCaffrey,SF,6,00-0033280,RB,127.31780158400535,1.0,117.80000305175781,9.51779853224754,155.0
164,QB22,168.2,Jameis Winston,NO,6,00-0031503,QB,120.04600077394396,147.0,111.19999694824219,8.846003825701771,156.0
151,RB48,154.2,Alexander Mattison,MIN,7,00-0034972,RB,125.41572451353073,137.0,117.80000305175781,7.615721461772921,157.0
197,WR69,204.6,Gabe Davis,BUF,7,00-0036196,WR,125.54471068203634,180.0,118.19999694824219,7.344713733794151,158.0
293,WR89,267.0,Byron Pringle,WAS,9,00-0034297,WR,125.36550118803979,246.0,118.19999694824219,7.165504239797599,159.0
263,TE30,247.0,Taysom Hill,NO,6,00-0033357,QB,118.05428554315665,226.0,111.19999694824219,6.854288594914465,160.0
105,WR44,107.4,Jaylen Waddle,MIA,14,00-0036613,WR,125.05305993601688,100.0,118.19999694824219,6.853062987774692,161.0
177,TE20,179.6,Gerald Everett,LAC,7,00-0033895,TE,117.03987411136428,158.0,112.0,5.039874111364284,162.0
183,TE21,187.4,Cole Kmet,CHI,10,00-0036290,TE,116.51783257929483,163.0,112.0,4.517832579294833,163.0
93,WR39,94.6,Antonio Brown,None,None,00-0027793,WR,122.04470003664494,90.0,118.19999694824219,3.8447030884027527,164.0
356,WR107,291.0,Quez Watkins,PHI,14,00-0036271,WR,120.9901701122864,271.0,118.19999694824219,2.7901731640442193,165.0
124,RB42,124.0,Nyheim Hines,BUF,7,00-0034367,RB,118.50139976408333,114.0,117.80000305175781,0.7013967123255185,166.0
328,TE41,324.0,David Njoku,CLE,13,00-0033885,TE,111.85500021204352,294.0,112.0,-0.14499978795647905,167.0
25,RB14,24.2,Clyde Edwards-Helaire,KC,12,00-0036360,RB,117.55600011408329,25.0,117.80000305175781,-0.24400293767452297,168.0
186,RB54,190.6,Rashaad Penny,PHI,14,00-0034750,RB,117.21129923179745,166.0,117.80000305175781,-0.588703819960358,169.0
38,RB20,38.2,Miles Sanders,CAR,13,00-0035243,RB,116.5638013201952,38.0,117.80000305175781,-1.2362017315626161,170.0
113,RB40,116.4,Jamaal Williams,NO,6,00-0033948,RB,116.51130907583385,105.0,117.80000305175781,-1.2886939759239624,171.0
391,WR120,325.0,Deonte Harty,BUF,7,00-0035215,WR,116.71109895452857,295.0,118.19999694824219,-1.4888979937136213,172.0
211,WR71,198.5,Amon-Ra St. Brown,DET,9,00-0036963,WR,116.19551073531842,175.0,118.19999694824219,-2.0044862129237657,173.0
139,QB16,140.8,Justin Fields,CHI,10,00-0036945,QB,108.93060527613787,126.0,111.19999694824219,-2.2693916721043195,174.0
222,RB61,210.5,Ty Johnson,BUF,7,00-0035537,RB,115.41538372336088,189.0,117.80000305175781,-2.384619328396937,175.0
156,TE16,159.8,Evan Engram,JAC,7,00-0033881,TE,108.28059589383999,141.0,112.0,-3.719404106160013,176.0
204,TE22,210.4,Pat Freiermuth,PIT,7,00-0036894,TE,107.18968561267793,188.0,112.0,-4.810314387322066,177.0
221,WR74,228.2,Jamison Crowder,WAS,9,00-0031941,WR,111.45196628118059,205.0,118.19999694824219,-6.748030667061599,178.0
212,RB58,221.6,Mark Ingram,None,None,00-0027966,RB,109.21833229186244,201.0,117.80000305175781,-8.581670759895374,179.0
201,WR70,207.4,Bryan Edwards,None,None,00-0036365,WR,107.49519971888512,184.0,118.19999694824219,-10.70479722935707,180.0
453,WR152,417.0,Zay Jones,JAC,7,00-0033891,WR,107.36299998261035,339.0,118.19999694824219,-10.83699696563184,181.0
170,WR61,176.2,Nelson Agholor,BAL,8,00-0031549,WR,107.02090051867069,152.0,118.19999694824219,-11.179096429571501,182.0
103,RB37,106.4,Kenyan Drake,GB,13,00-0033118,RB,106.34889879949391,97.0,117.80000305175781,-11.451104252263903,183.0
171,RB52,176.6,Chuba Hubbard,CAR,13,00-0036555,RB,106.27755387265843,153.0,117.80000305175781,-11.522449179099382,184.0
480,RB131,445.0,Rex Burkhead,None,None,00-0030288,RB,106.16414956722409,361.0,117.80000305175781,-11.635853484533726,185.0
144,WR58,145.6,Elijah Moore,CLE,13,00-0036980,WR,106.02397367709627,131.0,118.19999694824219,-12.176023271145922,186.0
57,RB23,57.2,Kareem Hunt,CLE,13,00-0033923,RB,105.10010048359632,57.0,117.80000305175781,-12.699902568161491,187.0
271,WR86,271.3,Donovan Peoples-Jones,DET,9,00-0036233,WR,104.52271839520856,252.0,118.19999694824219,-13.67727855303363,188.0
134,WR55,134.2,DeVante Parker,NE,14,00-0031547,WR,104.37330009073018,123.0,118.19999694824219,-13.826696857512005,189.0
191,RB55,194.2,Latavius Murray,BUF,7,00-0030513,RB,103.78734117977314,170.0,117.80000305175781,-14.012661871984676,190.0
104,RB38,106.6,Zack Moss,IND,14,00-0036251,RB,102.21429391771188,99.0,117.80000305175781,-15.585709134045928,191.0
173,WR62,177.0,Rondale Moore,ARI,12,00-0036936,WR,102.44364680601663,154.0,118.19999694824219,-15.756350142225557,192.0
256,WR83,241.0,Nico Collins,HOU,10,00-0036554,WR,102.07330375356268,221.0,118.19999694824219,-16.126693194679504,193.0
167,TE19,174.2,Austin Hooper,LV,8,00-0032392,TE,95.8099285141089,150.0,112.0,-16.190071485891096,194.0
414,WR133,373.0,Jalen Guyton,LAC,7,00-0035414,WR,101.07656688163678,315.0,118.19999694824219,-17.12343006660541,195.0
176,RB53,177.8,Kenneth Gainwell,PHI,14,00-0036919,RB,100.30773037402832,157.0,117.80000305175781,-17.49227267772949,196.0
46,TE4,47.0,Kyle Pitts,ATL,6,00-0036970,TE,93.41194552541978,46.0,112.0,-18.58805447458022,197.0
94,WR40,95.6,Corey Davis,None,None,00-0033871,WR,98.14579269131025,91.0,118.19999694824219,-20.05420425693194,198.0
396,WR122,341.0,Zach Pascal,ARI,12,00-0033251,WR,97.18212989937071,301.0,118.19999694824219,-21.01786704887148,199.0
196,WR68,199.6,Randall Cobb,NYJ,6,00-0028002,WR,96.80379956308752,177.0,118.19999694824219,-21.396197385154665,200.0
310,RB89,277.0,Jaret Patterson,LAC,7,00-0036755,RB,95.60490314983315,257.0,117.80000305175781,-22.195099901924664,201.0
91,RB34,93.4,Michael Carter,ARI,12,00-0036924,RB,95.01674444356127,88.0,117.80000305175781,-22.783258608196547,202.0
31,WR11,32.0,Allen Robinson,PIT,7,00-0031428,WR,95.10889973729849,31.0,118.19999694824219,-23.0910972109437,203.0
382,WR114,307.0,Olamide Zaccheaus,PHI,14,00-0035208,WR,94.02824623676673,283.0,118.19999694824219,-24.171750711475454,204.0
241,QB31,234.8,Cam Newton,None,None,00-0027939,QB,86.40489966273307,210.0,111.19999694824219,-24.795097285509115,205.0
246,RB68,238.8,Boston Scott,PHI,14,00-0034414,RB,92.9176002111559,218.0,117.80000305175781,-24.882402840601912,206.0
298,QB35,238.0,Andy Dalton,CAR,13,00-0027973,QB,85.63620022684336,215.0,111.19999694824219,-25.56379672139883,207.0
115,WR46,118.0,Michael Gallup,DAL,7,00-0034764,WR,92.00010043025017,107.0,118.19999694824219,-26.199896517992016,208.0
74,WR30,74.8,Kenny Golladay,None,None,00-0033932,WR,91.76029966905713,74.0,118.19999694824219,-26.439697279185054,209.0
238,WR79,230.0,Marquez Valdes-Scantling,KC,12,00-0034272,WR,91.57851558720266,207.0,118.19999694824219,-26.62148136103953,210.0
397,RB117,343.0,Ameer Abdullah,LV,8,00-0032104,RB,89.7907267254442,302.0,117.80000305175781,-28.00927632631361,211.0
428,TE50,389.0,Foster Moreau,NO,6,00-0034981,TE,83.98449923366309,325.0,112.0,-28.015500766336913,212.0
228,WR76,214.3,Rashod Bateman,BAL,8,00-0036550,WR,89.77222896332725,194.0,118.19999694824219,-28.427767984914937,213.0
165,RB50,169.0,Rhamondre Stevenson,NE,14,00-0036875,RB,89.09534752593221,148.0,117.80000305175781,-28.7046555258256,214.0
131,RB43,129.8,David Johnson,None,None,00-0032187,RB,88.52200048692525,120.0,117.80000305175781,-29.278002564832562,215.0
370,TE47,291.0,Mo Alie-Cox,IND,14,00-0033217,TE,82.43420063436031,271.0,112.0,-29.56579936563969,216.0
326,RB92,282.5,Samaje Perine,DEN,11,00-0033526,RB,86.40976610380412,265.0,117.80000305175781,-31.390236947953696,217.0
207,TE23,215.4,Anthony Firkser,DET,9,00-0033455,TE,80.376200360246,195.0,112.0,-31.623799639753997,218.0
456,RB128,420.0,Demetric Felton,CIN,10,00-0036654,RB,85.49654147482393,342.0,117.80000305175781,-32.303461576933884,219.0
394,RB115,335.0,D'Onta Foreman,CHI,10,00-0033925,RB,85.48850011523812,298.0,117.80000305175781,-32.31150293651969,220.0
229,WR77,215.8,Tre'Quan Smith,DEN,11,00-0034765,WR,85.84704250460115,196.0,118.19999694824219,-32.35295444364104,221.0
45,WR18,46.2,Julio Jones,PHI,14,00-0027944,WR,85.83029869437217,45.0,118.19999694824219,-32.36969825387001,222.0
268,RB77,235.0,Justin Jackson,None,None,00-0034440,RB,85.4278578986153,211.0,117.80000305175781,-32.37214515314251,223.0
349,QB39,289.5,Tyrod Taylor,NYG,10,00-0028118,QB,78.72562769176811,270.0,111.19999694824219,-32.47436925647408,224.0
380,TE48,344.5,Jack Doyle,None,None,00-0030181,TE,78.90949943840504,303.0,112.0,-33.090500561594965,225.0
72,WR28,72.4,Jerry Jeudy,DEN,11,00-0036407,WR,84.32730974053726,72.0,118.19999694824219,-33.87268720770493,226.0
384,WR116,309.0,Adam Humphries,None,None,00-0032009,WR,82.82331933437261,286.0,118.19999694824219,-35.376677613869575,227.0
88,RB33,91.8,Ronald Jones,None,None,00-0034816,RB,81.5313009557873,85.0,117.80000305175781,-36.26870209597051,228.0
484,QB57,449.0,Jacoby Brissett,WAS,9,00-0033119,QB,74.39537451874465,364.0,111.19999694824219,-36.80462242949754,229.0
182,WR63,187.4,Jalen Reagor,NE,14,00-0036387,WR,80.83568284297215,163.0,118.19999694824219,-37.36431410527004,230.0
365,WR109,304.0,Dyami Brown,WAS,9,00-0036626,WR,79.87245622695987,282.0,118.19999694824219,-38.32754072128232,231.0
288,RB81,219.0,Elijah Mitchell,SF,6,00-0036567,RB,79.29471028334046,199.0,117.80000305175781,-38.50529276841735,232.0
121,TE13,123.0,Jonnu Smith,ATL,6,00-0033858,TE,73.22283300533891,110.0,112.0,-38.77716699466109,233.0
223,WR75,210.5,T.Y. Hilton,None,None,00-0029608,WR,79.23763361337284,189.0,118.19999694824219,-38.96236333486935,234.0
362,WR108,302.5,Josh Reynolds,DET,9,00-0033943,WR,78.6418486103043,281.0,118.19999694824219,-39.558148337937894,235.0
296,WR90,280.3,DeSean Jackson,None,None,00-0026189,WR,78.39993757437182,262.0,118.19999694824219,-39.80005937387037,236.0
300,TE38,270.5,Dan Arnold,None,None,00-0034011,TE,72.00112468987703,249.0,112.0,-39.99887531012297,237.0
460,WR154,424.0,Devin Duvernay,BAL,8,00-0036331,WR,77.20519979313016,346.0,118.19999694824219,-40.994797155112025,238.0
343,RB100,353.5,Kyle Juszczyk,SF,6,00-0029892,RB,76.74809228362639,307.0,117.80000305175781,-41.05191076813142,239.0
166,WR60,172.4,Sterling Shepard,NYG,10,00-0032385,WR,76.39356612463793,149.0,118.19999694824219,-41.80643082360426,240.0
314,WR92,278.5,Demarcus Robinson,LAR,11,00-0032775,WR,76.04650099229067,260.0,118.19999694824219,-42.15349595595151,241.0
475,TE60,440.0,Durham Smythe,MIA,14,00-0034798,TE,69.83699873007834,356.0,112.0,-42.163001269921665,242.0
418,WR137,377.0,Damiere Byrd,None,None,00-0031868,WR,75.2486121895364,318.0,118.19999694824219,-42.951384758705785,243.0
424,WR140,385.0,Tyler Johnson,LAR,11,00-0036427,WR,74.50049963116646,322.0,118.19999694824219,-43.699497317075725,244.0
338,WR103,286.5,Darius Slayton,NYG,10,00-0035535,WR,74.0613265055788,269.0,118.19999694824219,-44.13867044266338,245.0
359,RB107,297.0,Chris Evans,CIN,10,00-0036857,RB,73.5419255843592,277.0,117.80000305175781,-44.25807746739861,246.0
19,WR5,18.4,Calvin Ridley,JAC,7,00-0034837,WR,73.79440017044544,19.0,118.19999694824219,-44.405596777796745,247.0
244,WR80,236.0,Sammy Watkins,None,None,00-0031325,WR,71.7919033574526,213.0,118.19999694824219,-46.40809359078959,248.0
336,RB95,270.0,Alex Collins,None,None,00-0032426,RB,71.19253176940698,248.0,117.80000305175781,-46.60747128235083,249.0
261,TE29,246.7,Hayden Hurst,CAR,13,00-0034830,TE,65.18860076183826,225.0,112.0,-46.81139923816174,250.0
147,QB18,149.0,Trey Lance,DAL,7,00-0037012,QB,63.89617252992049,134.0,111.19999694824219,-47.303824418321696,251.0
409,WR129,366.0,James Washington,None,None,00-0034676,WR,70.70471506017869,312.0,118.19999694824219,-47.4952818880635,252.0
218,TE26,207.5,Adam Trautman,DEN,11,00-0036422,TE,63.87199932932854,185.0,112.0,-48.12800067067146,253.0
486,TE62,451.0,Harrison Bryant,CLE,13,00-0036232,TE,63.82254505278632,365.0,112.0,-48.17745494721368,254.0
422,WR139,381.0,Anthony Schwartz,MIA,14,00-0036999,WR,70.01993062987954,321.0,118.19999694824219,-48.18006631836265,255.0
187,WR65,191.0,Terrace Marshall,CAR,13,00-0036955,WR,69.95604806521123,167.0,118.19999694824219,-48.24394888303095,256.0
469,RB130,433.0,Jeremy McNichols,SF,6,00-0033955,RB,69.24210091777147,352.0,117.80000305175781,-48.557902133986346,257.0
468,TE58,432.0,Kyle Rudolph,None,None,00-0027981,TE,63.192416575219895,351.0,112.0,-48.807583424780105,258.0
324,TE40,312.5,Donald Parham,LAC,7,00-0035329,TE,62.402499371618035,287.0,112.0,-49.597500628381965,259.0
454,RB126,418.0,DeeJay Dallas,SEA,9,00-0036425,RB,68.15261126411728,340.0,117.80000305175781,-49.64739178764053,260.0
195,RB56,198.6,Ty'Son Williams,None,None,00-0036457,RB,67.11634652607657,176.0,117.80000305175781,-50.68365652568124,261.0
389,WR119,319.0,Chris Conley,SF,6,00-0032128,WR,65.87407472488533,292.0,118.19999694824219,-52.325922223356855,262.0
169,RB51,174.4,Giovani Bernard,None,None,00-0030456,RB,63.65740012690425,151.0,117.80000305175781,-54.14260292485356,263.0
224,RB62,211.5,Damien Williams,None,None,00-0030874,RB,61.90503555225847,191.0,117.80000305175781,-55.894967499499344,264.0
376,WR112,313.5,Rashard Higgins,None,None,00-0032977,WR,60.640799684301015,289.0,118.19999694824219,-57.55919726394117,265.0
457,TE54,421.0,Will Dissly,SEA,9,00-0034159,TE,53.3735001295805,343.0,112.0,-58.6264998704195,266.0
80,TE7,81.2,Logan Thomas,WAS,9,00-0031260,TE,52.963399938941,77.0,112.0,-59.036600061059,267.0
249,WR81,243.8,Kadarius Toney,KC,12,00-0036913,WR,59.00115151505023,222.0,118.19999694824219,-59.198845433191956,268.0
86,TE9,88.4,Robert Tonyan,CHI,10,00-0033757,TE,52.656399241387845,83.0,112.0,-59.343600758612155,269.0
375,QB41,296.0,Drew Lock,SEA,9,00-0035704,QB,51.73569933377206,275.0,111.19999694824219,-59.46429761447013,270.0
270,TE31,260.3,Jimmy Graham,NO,6,00-0027696,TE,51.6437706053257,240.0,112.0,-60.3562293946743,271.0
400,WR125,352.0,Marquise Goodwin,CLE,13,00-0030068,WR,57.69810329285404,305.0,118.19999694824219,-60.501893655388145,272.0
459,TE55,423.0,Kylen Granson,IND,14,00-0036876,TE,50.04414892501427,345.0,112.0,-61.95585107498573,273.0
284,TE35,259.0,Juwan Johnson,NO,6,00-0036040,TE,49.563000116720794,238.0,112.0,-62.436999883279206,274.0
273,TE32,186.0,Jordan Akins,CLE,13,00-0034364,TE,48.10570038713515,161.0,112.0,-63.89429961286485,275.0
378,RB110,299.0,Eno Benjamin,NO,6,00-0036383,RB,53.30581623247988,279.0,117.80000305175781,-64.49418681927793,276.0
253,RB71,249.5,Carlos Hyde,None,None,00-0031045,RB,52.12127417022806,230.0,117.80000305175781,-65.67872888152975,277.0
163,RB49,167.8,Tevin Coleman,None,None,00-0032058,RB,51.461400051862,146.0,117.80000305175781,-66.33860299989581,278.0
416,WR135,375.0,Cam Sims,CAR,13,00-0034104,WR,51.63649969067425,316.0,118.19999694824219,-66.56349725756795,279.0
420,WR138,379.0,Albert Wilson,None,None,00-0030669,WR,50.131329400112975,319.0,118.19999694824219,-68.06866754812921,280.0
32,RB16,32.4,Chris Carson,None,None,00-0033594,RB,49.52230047695339,32.0,117.80000305175781,-68.27770257480442,281.0
145,RB46,146.2,Phillip Lindsay,None,None,00-0034109,RB,48.99356963438682,132.0,117.80000305175781,-68.80643341737098,282.0
291,TE37,265.0,Tyler Kroft,MIA,14,00-0032214,TE,41.812083547686534,245.0,112.0,-70.18791645231346,283.0
458,WR153,422.0,Tom Kennedy,DET,9,00-0035544,WR,47.24565292374979,344.0,118.19999694824219,-70.9543440244924,284.0
403,TE49,355.0,Stephen Anderson,LAC,7,00-0032725,TE,39.98831164733782,308.0,112.0,-72.01168835266219,285.0
209,TE24,217.2,Eric Ebron,None,None,00-0031387,TE,39.77837912095586,197.0,112.0,-72.22162087904414,286.0
479,QB55,444.0,Mike Glennon,None,None,00-0030520,QB,38.97260048657656,360.0,111.19999694824219,-72.22739646166562,287.0
427,QB46,388.0,Jordan Love,GB,13,00-0036264,QB,38.501614171442355,324.0,111.19999694824219,-72.69838277679983,288.0
383,WR115,308.0,Quintez Cephus,DET,9,00-0036277,WR,44.83598282307883,284.0,118.19999694824219,-73.36401412516335,289.0
487,QB58,452.0,Gardner Minshew,IND,14,00-0035289,QB,37.34330023735762,366.0,111.19999694824219,-73.85669671088456,290.0
406,RB119,360.0,Matt Breida,NYG,10,00-0033308,RB,43.670749853104354,310.0,117.80000305175781,-74.12925319865346,291.0
266,RB75,250.3,Salvon Ahmed,MIA,14,00-0036020,RB,43.31189964246005,232.0,117.80000305175781,-74.48810340929776,292.0
69,WR27,70.8,JuJu Smith-Schuster,NE,14,00-0033857,WR,42.97919961556792,69.0,118.19999694824219,-75.22079733267427,293.0
305,RB87,244.0,Royce Freeman,LAR,11,00-0034838,RB,41.2196671305721,223.0,117.80000305175781,-76.5803359211857,294.0
240,RB66,232.3,Le'Veon Bell,None,None,00-0030496,RB,40.93915029742569,209.0,117.80000305175781,-76.86085275433211,295.0
248,TE27,254.8,O.J. Howard,None,None,00-0033879,TE,34.64624948009848,235.0,112.0,-77.35375051990152,296.0
243,RB67,235.5,Jerick McKinnon,KC,12,00-0031376,RB,40.307205170121634,212.0,117.80000305175781,-77.49279788163618,297.0
347,QB38,275.0,Mike White,MIA,14,00-0034401,QB,33.68194729916617,256.0,111.19999694824219,-77.51804964907602,298.0
386,RB111,313.0,Ke'Shawn Vaughn,TB,9,00-0036450,RB,39.21670035667717,288.0,117.80000305175781,-78.58330269508065,299.0
210,TE25,219.0,Blake Jarwin,None,None,00-0033658,TE,32.21099999178201,199.0,112.0,-79.78900000821798,300.0
442,WR144,405.0,Greg Ward,PHI,14,00-0033733,WR,36.73290208819343,332.0,118.19999694824219,-81.46709486004876,301.0
410,WR130,368.0,N'Keal Harry,MIN,7,00-0035624,WR,36.299499790333215,313.0,118.19999694824219,-81.90049715790897,302.0
461,TE56,425.0,Noah Gray,KC,12,00-0036637,TE,30.02297555476442,347.0,112.0,-81.97702444523557,303.0
319,WR94,257.0,Breshad Perriman,None,None,00-0032054,WR,35.92579142354015,237.0,118.19999694824219,-82.27420552470204,304.0
417,WR136,376.0,Shi Smith,TEN,13,00-0036572,WR,35.779335421794215,317.0,118.19999694824219,-82.42066152644797,305.0
214,WR72,223.6,Parris Campbell,NYG,10,00-0035639,WR,34.93250055167824,203.0,118.19999694824219,-83.26749639656396,306.0
83,RB32,87.2,Trey Sermon,IND,14,00-0036984,RB,34.26860872628054,80.0,117.80000305175781,-83.53139432547727,307.0
98,WR41,102.0,DJ Chark,CAR,13,00-0034777,WR,33.96730004765094,95.0,118.19999694824219,-84.23269690059125,308.0
434,RB122,396.0,Jermar Jefferson,DET,9,00-0036670,RB,31.64818719048451,329.0,117.80000305175781,-86.1518158612733,309.0
429,RB121,391.0,Ty Montgomery,None,None,00-0032200,WR,31.489000043310227,326.0,118.19999694824219,-86.71099690493196,310.0
148,RB47,151.8,James White,None,None,00-0031062,RB,30.921100355908276,135.0,117.80000305175781,-86.87890269584953,311.0
483,QB56,448.0,Joe Flacco,CLE,13,00-0026158,QB,23.06730054102838,363.0,111.19999694824219,-88.13269640721381,312.0
488,TE63,453.0,Jacob Hollister,None,None,00-0033387,TE,22.86489998008311,367.0,112.0,-89.13510001991689,313.0
289,WR88,261.5,Denzel Mims,PIT,7,00-0036255,WR,28.78691680237651,242.0,118.19999694824219,-89.41308014586568,314.0
482,TE61,447.0,Drew Sample,CIN,10,00-0035631,TE,21.852000069618224,362.0,112.0,-90.14799993038177,315.0
377,RB109,297.0,Jalen Richard,None,None,00-0033025,RB,27.40249965120107,277.0,117.80000305175781,-90.39750340055674,316.0
473,WR159,438.0,Trent Sherfield,BUF,7,00-0034487,WR,27.19200004365295,354.0,118.19999694824219,-91.00799690458923,317.0
421,QB45,380.0,Sam Ehlinger,IND,14,00-0036879,QB,20.17545742980921,320.0,111.19999694824219,-91.02453951843297,318.0
455,RB127,419.0,Corey Clement,ARI,12,00-0033725,RB,26.72899990566075,341.0,117.80000305175781,-91.07100314609707,319.0
367,RB108,349.5,Adrian Peterson,None,None,00-0025394,RB,26.342050367072225,304.0,117.80000305175781,-91.45795268468558,320.0
405,QB43,359.0,Marcus Mariota,PHI,14,00-0032268,QB,19.58140010163188,309.0,111.19999694824219,-91.6185968466103,321.0
340,RB97,271.0,Mekhi Sargent,None,None,00-0036698,RB,26.162070083570402,251.0,117.80000305175781,-91.63793296818741,322.0
216,RB60,207.0,Tony Jones,ARI,12,00-0035860,RB,25.821700237505137,181.0,117.80000305175781,-91.97830281425267,323.0
407,WR127,362.0,Tylan Wallace,BAL,8,00-0036630,WR,26.150567783760184,311.0,118.19999694824219,-92.049429164482,324.0
299,RB83,270.5,Joshua Kelley,LAC,7,00-0036370,RB,25.645378599525564,249.0,117.80000305175781,-92.15462445223224,325.0
254,WR82,259.5,Amari Rodgers,None,None,00-0036991,WR,25.6905434913752,239.0,118.19999694824219,-92.50945345686699,326.0
230,RB63,218.3,Malcolm Brown,None,None,00-0031806,RB,24.029500115700067,198.0,117.80000305175781,-93.77050293605774,327.0
441,RB125,404.0,Kylin Hill,None,None,00-0036669,RB,23.937395528913502,331.0,117.80000305175781,-93.86260752284431,328.0
401,RB118,353.0,Jonathan Williams,WAS,9,00-0032975,RB,23.149374877744485,306.0,117.80000305175781,-94.65062817401332,329.0
448,WR149,412.0,Dazz Newsome,None,None,00-0036907,WR,22.64812472242171,336.0,118.19999694824219,-95.55187222582047,330.0
258,RB73,244.7,Benny Snell,None,None,00-0035217,RB,21.474797627067282,224.0,117.80000305175781,-96.32520542469052,331.0
366,WR110,296.0,Scott Miller,ATL,6,00-0035298,WR,20.96559977158904,275.0,118.19999694824219,-97.23439717665315,332.0
413,WR132,372.0,Preston Williams,None,None,00-0035350,WR,20.790001055382547,314.0,118.19999694824219,-97.40999589285964,333.0
267,RB76,251.3,J.J. Taylor,HOU,10,00-0036096,RB,20.263300359323623,233.0,117.80000305175781,-97.53670269243419,334.0
116,WR47,118.2,Curtis Samuel,WAS,9,00-0033282,WR,19.03930003941059,108.0,118.19999694824219,-99.1606969088316,335.0
231,RB64,223.5,Marlon Mack,ARI,12,00-0033951,RB,18.47608992630456,202.0,117.80000305175781,-99.32391312545326,336.0
450,WR150,414.0,Dede Westbrook,None,None,00-0033839,WR,18.83940013665706,337.0,118.19999694824219,-99.36059681158513,337.0
426,WR142,387.0,Dez Fitzpatrick,PIT,7,00-0036627,WR,18.28877496366211,323.0,118.19999694824219,-99.91122198458008,338.0
465,TE57,429.0,Charlie Woerner,SF,6,00-0036429,TE,11.691999917551875,348.0,112.0,-100.30800008244813,339.0
279,RB78,252.5,Wayne Gallman,None,None,00-0033950,RB,17.05804608818392,234.0,117.80000305175781,-100.7419569635739,340.0
388,RB112,318.0,Kalen Ballage,None,None,00-0034799,RB,17.00932147802519,291.0,117.80000305175781,-100.79068157373263,341.0
433,QB47,395.0,Jacob Eason,None,None,00-0036226,QB,9.877640564154301,328.0,111.19999694824219,-101.32235638408788,342.0
327,WR99,263.0,Tyler Davis,None,None,00-0036250,TE,10.54350013434887,244.0,112.0,-101.45649986565112,343.0
317,WR93,279.5,Anthony Miller,None,None,00-0034353,WR,16.10560000577569,261.0,118.19999694824219,-102.0943969424665,344.0
476,QB53,441.0,Chad Henne,None,None,00-0026197,QB,9.103723357124876,357.0,111.19999694824219,-102.09627359111731,345.0
178,QB24,182.8,Ryan Fitzpatrick,None,None,00-0023682,QB,7.180899988114834,159.0,111.19999694824219,-104.01909696012736,346.0
478,QB54,443.0,John Wolford,TB,9,00-0034899,QB,6.5122000095993275,359.0,111.19999694824219,-104.68779693864286,347.0
444,WR146,407.0,Mike Strachan,CAR,13,00-0036482,WR,12.55213228334601,334.0,118.19999694824219,-105.64786466489618,348.0
467,WR157,431.0,Pharoh Cooper,None,None,00-0033111,WR,10.319499912038445,350.0,118.19999694824219,-107.88049703620374,349.0
443,WR145,406.0,Easop Winston,SEA,9,00-0036080,WR,9.90349011129098,333.0,118.19999694824219,-108.29650683695121,350.0
354,RB105,278.0,Mike Boone,HOU,10,00-0034208,RB,9.260500057935715,259.0,117.80000305175781,-108.5395029938221,351.0
274,WR87,273.7,John Brown,None,None,00-0031051,WR,8.789699975401163,254.0,118.19999694824219,-109.41029697284102,352.0
302,RB85,240.0,Jake Funk,None,None,00-0036860,RB,7.7438996270570595,220.0,117.80000305175781,-110.05610342470075,353.0
435,RB123,397.0,Jaylen Samuels,None,None,00-0034331,RB,6.935699942223728,330.0,117.80000305175781,-110.86430310953409,354.0
395,RB116,337.0,Ito Smith,None,None,00-0034378,RB,6.3825000554323195,299.0,117.80000305175781,-111.4175029963255,355.0
315,RB90,255.0,La'Mical Perine,KC,12,00-0036269,RB,6.2999328066827065,236.0,117.80000305175781,-111.50007024507511,356.0
247,RB69,271.7,Cam Akers,MIN,7,00-0036414,RB,5.8205382196065925,253.0,117.80000305175781,-111.97946483215122,357.0
67,RB28,68.8,Raheem Mostert,MIA,14,00-0031687,RB,5.729900017753243,67.0,117.80000305175781,-112.07010303400457,358.0
277,TE33,200.0,Giovanni Ricci,CAR,13,00-0035956,RB,5.379156690108911,178.0,117.80000305175781,-112.4208463616489,359.0
351,WR106,277.0,Keke Coutee,None,None,00-0034366,WR,5.656500022411347,257.0,118.19999694824219,-112.54349692583084,360.0
255,RB72,238.0,Darrynton Evans,MIA,14,00-0036297,RB,4.321199983557066,215.0,117.80000305175781,-113.47880306820075,361.0
184,WR64,188.4,Tyrell Williams,None,None,00-0032160,WR,3.961405199483747,165.0,118.19999694824219,-114.23859174875844,362.0
297,RB82,236.0,Anthony McFarland,PIT,7,00-0036336,RB,3.3639999533817173,213.0,117.80000305175781,-114.43600309837609,363.0
452,WR151,416.0,Andy Isabella,BUF,7,00-0035527,WR,2.5354999696835874,338.0,118.19999694824219,-115.6644969785586,364.0
445,WR147,408.0,Devin Smith,None,None,00-0031934,WR,2.4584782229833637,335.0,118.19999694824219,-115.74151872525883,365.0
392,WR121,329.0,David Moore,TB,9,00-0033589,WR,2.243000000678003,297.0,118.19999694824219,-115.95699694756418,366.0
65,RB27,65.2,Gus Edwards,BAL,8,,,,65.0,0.0,,
