consensus_rank,Player,POS,Bye,Team,player_id,position_group,predicted_fantasy_points,replacement_value,vor,rank
37.0,Cooper Kupp,WR16,11,LAR,00-0033908,WR,432.48709894180297,119.0,313.48709894180297,1.0
40.0,Josh Allen,QB2,7,BUF,00-0034857,QB,399.0114015811682,118.0,281.0114015811682,2.0
75.0,Justin Herbert,QB8,7,LAC,00-0036355,QB,379.3693000626564,118.0,261.3693000626564,3.0
82.0,Tom Brady,QB9,9,TB,00-0019596,QB,367.75860493153334,118.0,249.75860493153334,4.0
26.0,Patrick Mahomes,QB1,12,KC,00-0033873,QB,366.59070002168414,118.0,248.59070002168414,5.0
15.0,Jonathan Taylor,RB9,14,IND,00-0036223,RB,368.51910113438964,120.0,248.51910113438964,6.0
4.0,Davante Adams,WR1,13,GB,00-0031381,WR,345.74049916148186,119.0,226.74049916148186,7.0
73.0,Aaron Rodgers,QB7,13,GB,00-0023459,QB,337.9064008784294,118.0,219.9064008784294,8.0
7.0,Austin Ekeler,RB6,7,LAC,00-0033699,RB,336.0711009335518,120.0,216.0711009335518,9.0
16.0,Justin Jefferson,WR6,7,MIN,00-0036322,WR,331.4935983535647,119.0,212.49359835356472,10.0
78.0,Deebo Samuel,WR35,6,SF,00-0035719,WR,329.7053988513351,119.0,210.70539885133508,11.0
94.0,Matthew Stafford,QB12,11,LAR,00-0026498,QB,328.2148995065689,118.0,210.21489950656888,12.0
60.0,Dak Prescott,QB5,7,DAL,00-0033077,QB,320.06609928667547,118.0,202.06609928667547,13.0
105.0,Joe Burrow,QB13,10,CIN,00-0036442,QB,315.8429969140887,118.0,197.8429969140887,14.0
50.0,Mark Andrews,TE4,8,BAL,00-0034753,TE,302.4769970321655,113.0,189.4769970321655,15.0
282.0,Dallas Cowboys,DST25,7,DAL,00-0090000,DST,185.5489487111171,0.0,185.5489487111171,16.0
91.0,Jalen Hurts,QB11,14,PHI,00-0036389,QB,301.64690292405584,118.0,183.64690292405584,17.0
46.0,Kyler Murray,QB3,12,ARI,00-0035228,QB,300.5860033524036,118.0,182.58600335240362,18.0
124.0,Kirk Cousins,QB16,7,MIN,00-0029604,QB,296.7396003338695,118.0,178.73960033386948,19.0
241.0,Daniel Carlson,K13,8,LV,00-0034161,K,176.65150001093747,0.0,176.65150001093747,20.0
9.0,Tyreek Hill,WR2,12,KC,00-0033040,WR,295.43359683543446,119.0,176.43359683543446,21.0
10.0,Stefon Diggs,WR3,7,BUF,00-0031588,WR,289.0352983996272,119.0,170.0352983996272,22.0
24.0,Joe Mixon,RB13,10,CIN,00-0033897,RB,288.53529802680015,120.0,168.53529802680015,23.0
394.0,Nick Folk,K35,14,NE,00-0025565,K,160.1740000168979,0.0,160.1740000168979,24.0
87.0,Ryan Tannehill,QB10,13,TEN,00-0029701,QB,275.9180017125607,118.0,157.91800171256068,25.0
178.0,Justin Tucker,K1,8,BAL,00-0029597,K,156.77608339230218,0.0,156.77608339230218,26.0
251.0,Chris Boswell,K15,7,PIT,00-0031136,K,156.72920001141728,0.0,156.72920001141728,27.0
190.0,New England Patriots,DST8,14,NE,00-0090001,DST,156.14474065571022,0.0,156.14474065571022,28.0
43.0,Diontae Johnson,WR20,7,PIT,00-0035216,WR,274.351802932024,119.0,155.351802932024,29.0
208.0,Miami Dolphins,DST12,14,MIA,00-0090002,DST,153.3376583803234,0.0,153.3376583803234,30.0
215.0,Tyler Bass,K7,7,BUF,00-0036162,K,152.7101184721511,0.0,152.7101184721511,31.0
379.0,Greg Joseph,K31,7,MIN,00-0034450,K,152.2620488148108,0.0,152.2620488148108,32.0
191.0,Buffalo Bills,DST9,7,BUF,00-0090003,DST,150.59781195354415,0.0,150.59781195354415,33.0
222.0,Matt Prater,K8,12,ARI,00-0023853,K,148.82141074802195,0.0,148.82141074802195,34.0
14.0,Travis Kelce,TE1,12,KC,00-0030506,TE,261.7179954220355,113.0,148.71799542203547,35.0
202.0,New Orleans Saints,DST11,6,NO,00-0090004,DST,147.7509951909508,0.0,147.7509951909508,36.0
255.0,Jake Elliott,K16,14,PHI,00-0033787,K,144.71249997671694,0.0,144.71249997671694,37.0
38.0,Mike Evans,WR17,9,TB,00-0031408,WR,263.2635986316204,119.0,144.26359863162043,38.0
5.0,Ezekiel Elliott,RB4,7,DAL,00-0033045,RB,263.70990234047173,120.0,143.70990234047173,39.0
266.0,Matt Gay,K19,11,LAR,00-0035269,K,142.3569999872893,0.0,142.3569999872893,40.0
22.0,Keenan Allen,WR9,7,LAC,00-0030279,WR,261.035398953706,119.0,142.03539895370602,41.0
100.0,James Conner,RB35,12,ARI,00-0033553,RB,261.85539746813475,120.0,141.85539746813475,42.0
153.0,Derek Carr,QB22,8,LV,00-0031280,QB,259.24830211907624,118.0,141.24830211907624,43.0
184.0,Harrison Butker,K2,12,KC,00-0033303,K,140.32555002817512,0.0,140.32555002817512,44.0
167.0,Tampa Bay Buccaneers,DST5,9,TB,00-0090005,DST,140.26633134024343,0.0,140.26633134024343,45.0
181.0,Indianapolis Colts,DST7,14,IND,00-0090006,DST,137.12247268735882,0.0,137.12247268735882,46.0
170.0,Carson Wentz,QB27,14,IND,00-0032950,QB,254.419100420475,118.0,136.419100420475,47.0
259.0,Dustin Hopkins,K18,9,WAS,00-0030098,K,136.10600000977516,0.0,136.10600000977516,48.0
199.0,Kansas City Chiefs,DST10,12,KC,00-0090007,DST,134.84720003283024,0.0,134.84720003283024,49.0
240.0,Hunter Renfrow,WR83,8,LV,00-0034983,WR,251.21466914956767,119.0,132.21466914956767,50.0
41.0,Tyler Lockett,WR18,9,SEA,00-0032211,WR,249.41310054451228,119.0,130.41310054451228,51.0
35.0,Chris Godwin,WR15,9,TB,00-0033921,WR,247.95870209932326,119.0,128.95870209932326,52.0
104.0,Mike Williams,WR44,7,LAC,00-0033536,WR,247.70300309062006,119.0,128.70300309062006,53.0
264.0,Arizona Cardinals,DST23,12,ARI,00-0090008,DST,128.5361622850753,0.0,128.5361622850753,54.0
20.0,DK Metcalf,WR7,9,SEA,00-0035640,WR,247.1554998537898,119.0,128.1554998537898,55.0
67.0,Russell Wilson,QB6,9,SEA,00-0029263,QB,244.11739999473096,118.0,126.11739999473096,56.0
213.0,Denver Broncos,DST14,11,DEN,00-0090012,DST,125.86233327134202,0.0,125.86233327134202,57.0
238.0,Minnesota Vikings,DST19,7,MIN,00-0090009,DST,125.72666664863625,0.0,125.72666664863625,58.0
196.0,Greg Zuerlein,K4,7,DAL,00-0029621,K,124.85891391940332,0.0,124.85891391940332,59.0
187.0,Younghoe Koo,K3,6,ATL,00-0033702,K,124.69571130685948,0.0,124.69571130685948,60.0
283.0,Graham Gano,K22,10,NYG,00-0026858,K,124.30199997212738,0.0,124.30199997212738,61.0
239.0,Mason Crosby,K12,13,GB,00-0025580,K,123.35849998056888,0.0,123.35849998056888,62.0
263.0,Tennessee Titans,DST22,13,TEN,00-0090010,DST,122.22945832924296,0.0,122.22945832924296,63.0
109.0,Leonard Fournette,RB39,9,TB,00-0033856,RB,241.60490101456642,120.0,121.60490101456642,64.0
244.0,Brandon McManus,K14,11,DEN,00-0029822,K,121.09035758310195,0.0,121.09035758310195,65.0
42.0,DJ Moore,WR19,13,CAR,00-0034827,WR,239.62089868225158,119.0,120.62089868225158,66.0
154.0,Los Angeles Rams,DST1,11,LAR,00-0090011,DST,120.56438334779938,0.0,120.56438334779938,67.0
174.0,San Francisco 49ers,DST6,6,SF,00-0090013,DST,120.2149499676923,0.0,120.2149499676923,68.0
410.0,Randy Bullock,K40,-,FA,00-0029421,K,119.35740002397448,0.0,119.35740002397448,69.0
316.0,Cairo Santos,K25,10,CHI,00-0031203,K,118.05899999860674,0.0,118.05899999860674,70.0
232.0,Green Bay Packers,DST18,13,GB,00-0090014,DST,117.73799998492002,0.0,117.73799998492002,71.0
355.0,Evan McPherson,K28,10,CIN,00-0036854,K,117.61345894836872,0.0,117.61345894836872,72.0
8.0,Aaron Jones,RB7,13,GB,00-0033293,RB,236.19799996703864,120.0,116.19799996703864,73.0
203.0,Jason Sanders,K5,14,MIA,00-0034794,K,115.88412734565836,0.0,115.88412734565836,74.0
110.0,Michael Pittman,WR46,14,IND,00-0036252,WR,234.5953492184214,119.0,115.5953492184214,75.0
54.0,Lamar Jackson,QB4,8,BAL,00-0034796,QB,231.9199004393816,118.0,113.91990043938159,76.0
156.0,Pittsburgh Steelers,DST2,7,PIT,00-0090015,DST,113.52452500790358,0.0,113.52452500790358,77.0
3.0,Alvin Kamara,RB3,6,NO,00-0033906,RB,232.12610203146934,120.0,112.12610203146934,78.0
249.0,Philadelphia Eagles,DST20,14,PHI,00-0090016,DST,110.37870001574358,0.0,110.37870001574358,79.0
375.0,Cordarrelle Patterson,WR123,6,ATL,00-0030578,RB,230.25566691090663,120.0,110.25566691090663,80.0
118.0,Matt Ryan,QB14,6,ATL,00-0026143,QB,227.14639990329744,118.0,109.14639990329744,81.0
18.0,Antonio Gibson,RB11,9,WAS,00-0036328,RB,228.8916007426381,120.0,108.8916007426381,82.0
371.0,Cincinnati Bengals,DST31,10,CIN,00-0090017,DST,107.87299999523908,0.0,107.87299999523908,83.0
48.0,Josh Jacobs,RB20,8,LV,00-0035700,RB,226.64420071274043,120.0,106.64420071274043,84.0
76.0,Brandin Cooks,WR34,10,HOU,00-0031236,WR,224.92450089097022,119.0,105.92450089097022,85.0
308.0,Joey Slye,K24,-,FA,00-0035192,K,105.92350000113248,0.0,105.92350000113248,86.0
227.0,Jason Myers,K11,9,SEA,00-0031492,K,105.87162500455976,0.0,105.87162500455976,87.0
272.0,Jimmy Garoppolo,QB35,6,SF,00-0031345,QB,222.71967583990346,118.0,104.71967583990346,88.0
127.0,Marquise Brown,WR53,8,BAL,00-0035662,WR,222.43729982733726,119.0,103.43729982733726,89.0
28.0,Terry McLaurin,WR11,9,WAS,00-0035659,WR,221.3099004238844,119.0,102.30990042388439,90.0
219.0,Chicago Bears,DST16,10,CHI,00-0090018,DST,102.27269998297095,0.0,102.27269998297095,91.0
30.0,CeeDee Lamb,WR12,7,DAL,00-0036358,WR,221.026799569726,119.0,102.026799569726,92.0
212.0,Cleveland Browns,DST13,13,CLE,00-0090019,DST,101.1455000114441,0.0,101.1455000114441,93.0
47.0,Tee Higgins,WR22,10,CIN,00-0036410,WR,219.5276001101732,119.0,100.52760011017321,94.0
143.0,Ben Roethlisberger,QB20,7,PIT,00-0022924,QB,216.70690198503434,118.0,98.70690198503434,95.0
121.0,Darnell Mooney,WR51,10,CHI,00-0036309,WR,216.14113017677917,119.0,97.14113017677917,96.0
231.0,Seattle Seahawks,DST17,9,SEA,00-0090020,DST,96.94579166511694,0.0,96.94579166511694,97.0
295.0,Michael Badgley,K23,-,FA,00-0034084,K,96.87929169460138,0.0,96.87929169460138,98.0
68.0,Damien Harris,RB27,14,NE,00-0035657,RB,214.20684747971595,120.0,94.20684747971595,99.0
301.0,Dalton Schultz,TE34,7,DAL,00-0034383,TE,204.57650052309037,113.0,91.57650052309037,100.0
398.0,Taylor Heinicke,QB40,9,WAS,00-0031800,QB,208.95339802511037,118.0,90.95339802511037,101.0
303.0,Carolina Panthers,DST28,13,CAR,00-0090022,DST,90.79999998159707,0.0,90.79999998159707,102.0
362.0,Houston Texans,DST29,10,HOU,00-0090023,DST,89.01310000743717,0.0,89.01310000743717,103.0
17.0,Nick Chubb,RB10,13,CLE,00-0034791,RB,207.475697761029,120.0,87.47569776102901,104.0
162.0,Baltimore Ravens,DST3,8,BAL,00-0090025,DST,87.1159999794513,0.0,87.1159999794513,105.0
2.0,Dalvin Cook,RB2,7,MIN,00-0033893,RB,204.89169899880886,120.0,84.89169899880886,106.0
189.0,Christian Kirk,WR72,12,ARI,00-0034775,WR,203.79460012964904,119.0,84.79460012964904,107.0
262.0,New York Giants,DST21,10,NYG,00-0090024,DST,83.40319999195636,0.0,83.40319999195636,108.0
27.0,George Kittle,TE3,6,SF,00-0033288,TE,195.1596643324693,113.0,82.1596643324693,109.0
233.0,Teddy Bridgewater,QB31,11,DEN,00-0031237,QB,200.0023995372653,118.0,82.00239953726529,110.0
49.0,Adam Thielen,WR23,7,MIN,00-0030035,WR,200.925100530982,119.0,81.92510053098201,111.0
216.0,Los Angeles Chargers,DST15,7,LAC,00-0090026,DST,80.79100001990795,0.0,80.79100001990795,112.0
84.0,Melvin Gordon,RB30,11,DEN,00-0032144,RB,199.70550054207445,120.0,79.70550054207445,113.0
381.0,Chase McLaughlin,K32,13,CLE,00-0035358,K,79.38779999371619,0.0,79.38779999371619,114.0
33.0,Amari Cooper,WR14,7,DAL,00-0031544,WR,196.97560158878565,119.0,77.97560158878565,115.0
36.0,David Montgomery,RB17,10,CHI,00-0035685,RB,197.8458000010252,120.0,77.8458000010252,116.0
280.0,Ka'imi Fairbairn,K21,10,HOU,00-0032726,K,77.79229170961926,0.0,77.79229170961926,117.0
209.0,Jared Goff,QB30,9,DET,00-0033106,QB,192.08750195264815,118.0,74.08750195264815,118.0
193.0,Mac Jones,QB29,14,NE,00-0036972,QB,191.49171965112788,118.0,73.49171965112788,119.0
114.0,Devin Singletary,RB41,7,BUF,00-0035250,RB,193.348120807619,120.0,73.34812080761901,120.0
31.0,D'Andre Swift,RB15,9,DET,00-0036275,RB,192.8253011959791,120.0,72.82530119597911,121.0
157.0,Zach Ertz,TE22,14,PHI,00-0030061,TE,184.317265319426,113.0,71.31726531942601,122.0
139.0,Jakobi Meyers,WR56,14,NE,00-0034960,WR,188.78939831256866,119.0,69.78939831256866,123.0
287.0,Jacksonville Jaguars,DST26,7,JAC,00-0090029,DST,68.99249998778104,0.0,68.99249998778104,124.0
6.0,Derrick Henry,RB5,13,TEN,00-0032764,RB,188.60369933605196,120.0,68.60369933605196,125.0
185.0,Darrel Williams,RB54,12,KC,00-0034301,RB,186.96189945824443,120.0,66.96189945824443,126.0
299.0,Atlanta Falcons,DST27,6,ATL,00-0090027,DST,66.21349996358157,0.0,66.21349996358157,127.0
131.0,Baker Mayfield,QB18,13,CLE,00-0034855,QB,183.01269968103617,118.0,65.01269968103617,128.0
367.0,Las Vegas Raiders,DST30,8,LV,00-0090028,DST,64.33149999953807,0.0,64.33149999953807,129.0
415.0,Matt Ammendola,K41,6,NYJ,00-0036469,K,64.18969177955894,0.0,64.18969177955894,130.0
39.0,James Robinson,RB18,7,JAC,00-0035831,RB,184.13899955019355,120.0,64.13899955019355,131.0
122.0,Trevor Lawrence,QB15,7,JAC,00-0036971,QB,181.88929637110164,118.0,63.889296371101636,132.0
21.0,A.J. Brown,WR8,13,TEN,00-0035676,WR,182.4624987785518,119.0,63.462498778551804,133.0
111.0,Marvin Jones,WR47,7,JAC,00-0029293,WR,182.3185160125171,119.0,63.31851601251711,134.0
69.0,Tyler Boyd,WR30,10,CIN,00-0033009,WR,182.28200054556132,119.0,63.28200054556132,135.0
278.0,New York Jets,DST24,6,NYJ,00-0090030,DST,60.90909999620169,0.0,60.90909999620169,136.0
128.0,Tua Tagovailoa,QB17,14,MIA,00-0036212,QB,178.84000230588018,118.0,60.840002305880176,137.0
163.0,Daniel Jones,QB24,10,NYG,00-0035710,QB,177.38650020457806,118.0,59.386500204578056,138.0
374.0,Detroit Lions,DST32,9,DET,00-0090031,DST,58.46250001337379,0.0,58.46250001337379,139.0
55.0,Brandon Aiyuk,WR24,6,SF,00-0036261,WR,177.38780131548643,119.0,58.38780131548643,140.0
95.0,Dallas Goedert,TE9,14,PHI,00-0034351,TE,171.1846013599634,113.0,58.18460135996341,141.0
291.0,Kendrick Bourne,WR99,14,NE,00-0033307,WR,173.5953742098449,119.0,54.59537420984489,142.0
57.0,Myles Gaskin,RB23,14,MIA,00-0035311,RB,173.63540197253226,120.0,53.635401972532264,143.0
132.0,Hunter Henry,TE15,14,NE,00-0033090,TE,165.2985015374422,113.0,52.298501537442206,144.0
134.0,Rob Gronkowski,TE16,9,TB,00-0027656,TE,165.1055302150796,113.0,52.1055302150796,145.0
61.0,Chase Claypool,WR25,7,PIT,00-0036326,WR,169.46023380043607,119.0,50.46023380043607,146.0
107.0,Mike Gesicki,TE12,14,MIA,00-0034829,TE,163.38900134183467,113.0,50.38900134183467,147.0
79.0,Noah Fant,TE7,11,DEN,00-0035644,TE,163.21575121432542,113.0,50.21575121432542,148.0
135.0,Russell Gage,WR54,6,ATL,00-0034411,WR,164.24212623082101,119.0,45.242126230821015,149.0
141.0,Cole Beasley,WR58,7,BUF,00-0029000,WR,162.4241318882505,119.0,43.424131888250514,150.0
246.0,Van Jefferson,WR84,11,LAR,00-0036415,WR,162.22049987763165,119.0,43.22049987763165,151.0
236.0,Dawson Knox,TE27,7,BUF,00-0035689,TE,154.5727025565505,113.0,41.572702556550496,152.0
168.0,Sam Darnold,QB26,13,CAR,00-0034869,QB,156.00160010650754,118.0,38.00160010650754,153.0
56.0,Darrell Henderson,RB22,11,LAR,00-0035664,RB,157.54684977849428,120.0,37.54684977849428,154.0
98.0,Tyler Higbee,TE11,11,LAR,00-0033110,TE,149.53775096515815,113.0,36.53775096515815,155.0
253.0,Tim Patrick,WR86,11,DEN,00-0033375,WR,155.4452987119183,119.0,36.4452987119183,156.0
116.0,Tony Pollard,RB42,7,DAL,00-0035261,RB,156.18311541257515,120.0,36.18311541257515,157.0
201.0,A.J. Green,WR75,12,ARI,00-0027942,WR,151.9188102476463,119.0,32.91881024764629,158.0
72.0,Javonte Williams,RB28,11,DEN,00-0036997,RB,151.59896905941588,120.0,31.59896905941588,159.0
115.0,Marquez Callaway,WR48,6,NO,00-0036219,WR,149.9663882036544,119.0,30.96638820365439,160.0
51.0,T.J. Hockenson,TE5,9,DET,00-0035229,TE,142.60490000486374,113.0,29.604900004863737,161.0
23.0,Najee Harris,RB12,7,PIT,00-0036893,RB,149.21850156089752,120.0,29.218501560897522,162.0
437.0,Cedrick Wilson,WR145,7,DAL,00-0034418,WR,148.14209817677735,119.0,29.142098176777353,163.0
12.0,DeAndre Hopkins,WR4,12,ARI,00-0030564,WR,147.1740986983478,119.0,28.17409869834779,164.0
461.0,Devonta Freeman,RB125,-,FA,00-0031285,RB,147.1843093554271,120.0,27.184309355427104,165.0
19.0,Darren Waller,TE2,8,LV,00-0031610,TE,139.63550004020334,113.0,26.63550004020334,166.0
382.0,Davis Mills,QB39,10,HOU,00-0036898,QB,144.45164999592697,118.0,26.45164999592697,167.0
74.0,Courtland Sutton,WR33,11,DEN,00-0034348,WR,145.4274199742273,119.0,26.42741997422729,168.0
66.0,Robby Anderson,WR29,13,CAR,00-0032688,WR,145.00179949849843,119.0,26.00179949849843,169.0
52.0,Mike Davis,RB21,6,ATL,00-0032063,RB,144.75540044665337,120.0,24.75540044665337,170.0
250.0,Devontae Booker,RB70,10,NYG,00-0032972,RB,144.65684823747725,120.0,24.65684823747725,171.0
321.0,Tyler Conklin,TE38,7,MIN,00-0034270,TE,136.79150067787617,113.0,23.791500677876172,172.0
171.0,Zach Wilson,QB28,6,NYJ,00-0037013,QB,141.6811958021565,118.0,23.68119580215651,173.0
224.0,Allen Lazard,WR80,13,GB,00-0034521,WR,142.54532443873518,119.0,23.54532443873518,174.0
133.0,Sony Michel,RB47,11,LAR,00-0034845,RB,143.43426437841376,120.0,23.434264378413758,175.0
70.0,Ja'Marr Chase,WR31,10,CIN,00-0036900,WR,142.3659600099434,119.0,23.365960009943393,176.0
11.0,Saquon Barkley,RB8,10,NYG,00-0034844,RB,140.70447444812643,120.0,20.704474448126433,177.0
151.0,Jared Cook,TE20,7,LAC,00-0027061,TE,132.97191354351241,113.0,19.971913543512414,178.0
92.0,Jarvis Landry,WR42,13,CLE,00-0031382,WR,138.6057995650172,119.0,19.605799565017207,179.0
65.0,Chase Edmonds,RB26,12,ARI,00-0034681,RB,137.03913355059922,120.0,17.039133550599217,180.0
32.0,Robert Woods,WR13,11,LAR,00-0030431,WR,135.67950051546097,119.0,16.679500515460973,181.0
125.0,J.D. McKissic,RB45,9,WAS,00-0032602,RB,136.47919909596442,120.0,16.479199095964418,182.0
83.0,Laviska Shenault,WR37,7,JAC,00-0036268,WR,134.699399090223,119.0,15.699399090223011,183.0
175.0,Emmanuel Sanders,WR66,7,BUF,00-0027685,WR,134.44809981532396,119.0,15.448099815323957,184.0
140.0,Mecole Hardman,WR57,12,KC,00-0035140,WR,133.93897613094342,119.0,14.938976130943416,185.0
337.0,C.J. Uzomah,TE42,10,CIN,00-0032134,TE,127.52650151729584,113.0,14.526501517295841,186.0
438.0,Kalif Raymond,WR146,9,DET,00-0032464,WR,132.28600016031413,119.0,13.286000160314131,187.0
63.0,Odell Beckham,WR27,13,CLE,00-0031235,WR,131.46446680862954,119.0,12.464466808629538,188.0
89.0,DeVonta Smith,WR40,14,PHI,00-0036912,WR,131.22140969929313,119.0,12.221409699293133,189.0
1.0,Christian McCaffrey,RB1,13,CAR,00-0033280,RB,127.31780158400535,120.0,7.317801584005352,190.0
326.0,Byron Pringle,WR109,12,KC,00-0034297,WR,125.36550118803979,119.0,6.3655011880397865,191.0
119.0,Jaylen Waddle,WR50,14,MIA,00-0036613,WR,125.05305993601688,119.0,6.053059936016879,192.0
146.0,Alexander Mattison,RB49,7,MIN,00-0034972,RB,125.41572451353073,120.0,5.4157245135307335,193.0
136.0,Gerald Everett,TE17,9,SEA,00-0033895,TE,117.03987411136428,113.0,4.039874111364284,194.0
145.0,Cole Kmet,TE18,10,CHI,00-0036290,TE,116.51783257929483,113.0,3.517832579294833,195.0
85.0,Antonio Brown,WR38,9,TB,00-0027793,WR,122.04470003664494,119.0,3.04470003664494,196.0
158.0,Jameis Winston,QB23,6,NO,00-0031503,QB,120.04600077394396,118.0,2.046000773943959,197.0
338.0,Quez Watkins,WR116,14,PHI,00-0036271,WR,120.9901701122864,119.0,1.9901701122864068,198.0
471.0,Braxton Berrios,WR154,6,NYJ,00-0034419,WR,120.4718012053147,119.0,1.471801205314705,199.0
271.0,Taysom Hill,QB34,6,NO,00-0033357,QB,118.05428554315665,118.0,0.05428554315665224,200.0
340.0,David Njoku,TE44,13,CLE,00-0033885,TE,111.85500021204352,113.0,-1.144999787956479,201.0
103.0,Nyheim Hines,RB37,14,IND,00-0034367,RB,118.50139976408333,120.0,-1.498600235916669,202.0
29.0,Clyde Edwards-Helaire,RB14,12,KC,00-0036360,RB,117.55600011408329,120.0,-2.4439998859167105,203.0
172.0,Rashaad Penny,RB52,9,SEA,00-0034750,RB,117.21129923179745,120.0,-2.7887007682025455,204.0
192.0,Amon-Ra St. Brown,WR73,9,DET,00-0036963,WR,116.19551073531842,119.0,-2.804489264681578,205.0
45.0,Miles Sanders,RB19,14,PHI,00-0035243,RB,116.5638013201952,120.0,-3.4361986798048036,206.0
106.0,Jamaal Williams,RB38,9,DET,00-0033948,RB,116.51130907583385,120.0,-3.48869092416615,207.0
529.0,Brandon Bolden,RB147,14,NE,00-0029239,RB,116.50714819757974,120.0,-3.4928518024202617,208.0
234.0,Ty Johnson,RB67,6,NYJ,00-0035537,RB,115.41538372336088,120.0,-4.5846162766391245,209.0
129.0,Evan Engram,TE14,10,NYG,00-0033881,TE,108.28059589383999,113.0,-4.719404106160013,210.0
302.0,Pat Freiermuth,TE35,7,PIT,00-0036894,TE,107.18968561267793,113.0,-5.810314387322066,211.0
309.0,Josh Palmer,WR105,7,LAC,00-0036988,WR,112.33644157498699,119.0,-6.663558425013008,212.0
165.0,Jamison Crowder,WR63,6,NYJ,00-0031941,WR,111.45196628118059,119.0,-7.548033718819411,213.0
148.0,Justin Fields,QB21,10,CHI,00-0036945,QB,108.93060527613787,118.0,-9.069394723862132,214.0
230.0,Mark Ingram,RB66,10,HOU,00-0027966,RB,109.21833229186244,120.0,-10.781667708137562,215.0
383.0,Khalil Herbert,RB107,10,CHI,00-0036906,RB,109.07588555977482,120.0,-10.924114440225182,216.0
176.0,Bryan Edwards,WR67,8,LV,00-0036365,WR,107.49519971888512,119.0,-11.504800281114882,217.0
483.0,Zay Jones,WR161,8,LV,00-0033891,WR,107.36299998261035,119.0,-11.637000017389653,218.0
150.0,Nelson Agholor,WR61,14,NE,00-0031549,WR,107.02090051867069,119.0,-11.979099481329314,219.0
604.0,Nick Westbrook-Ikhine,WR213,13,TEN,00-0036182,WR,106.36960061449558,119.0,-12.630399385504418,220.0
138.0,Elijah Moore,WR55,6,NYJ,00-0036980,WR,106.02397367709627,119.0,-12.976026322903735,221.0
99.0,Kenyan Drake,RB34,8,LV,00-0033118,RB,106.34889879949391,120.0,-13.65110120050609,222.0
217.0,Chuba Hubbard,RB62,13,CAR,00-0036555,RB,106.27755387265843,120.0,-13.72244612734157,223.0
313.0,Rex Burkhead,RB82,10,HOU,00-0030288,RB,106.16414956722409,120.0,-13.835850432775914,224.0
286.0,Donovan Peoples-Jones,WR96,13,CLE,00-0036233,WR,104.52271839520856,119.0,-14.477281604791443,225.0
126.0,DeVante Parker,WR52,14,MIA,00-0031547,WR,104.37330009073018,119.0,-14.626699909269817,226.0
58.0,Kareem Hunt,RB24,13,CLE,00-0033923,RB,105.10010048359632,120.0,-14.899899516403678,227.0
155.0,Latavius Murray,RB50,6,NO,00-0030513,RB,103.78734117977314,120.0,-16.212658820226864,228.0
169.0,Rondale Moore,WR64,12,ARI,00-0036936,WR,102.44364680601663,119.0,-16.55635319398337,229.0
254.0,Nico Collins,WR87,10,HOU,00-0036554,WR,102.07330375356268,119.0,-16.926696246437317,230.0
147.0,Austin Hooper,TE19,13,CLE,00-0032392,TE,95.8099285141089,113.0,-17.190071485891096,231.0
463.0,D'Ernest Johnson,RB126,13,CLE,00-0035628,RB,102.43839886188506,120.0,-17.561601138114938,232.0
101.0,Zack Moss,RB36,7,BUF,00-0036251,RB,102.21429391771188,120.0,-17.785706082288115,233.0
479.0,K.J. Osborn,WR159,7,MIN,00-0036345,WR,101.15022946947421,119.0,-17.849770530525788,234.0
351.0,Jalen Guyton,WR118,7,LAC,00-0035414,WR,101.07656688163678,119.0,-17.92343311836322,235.0
53.0,Kyle Pitts,TE6,6,ATL,00-0036970,TE,93.41194552541978,113.0,-19.58805447458022,236.0
182.0,Kenneth Gainwell,RB53,14,PHI,00-0036919,RB,100.30773037402832,120.0,-19.692269625971676,237.0
81.0,Corey Davis,WR36,6,NYJ,00-0033871,WR,98.14579269131025,119.0,-20.85420730868975,238.0
294.0,Zach Pascal,WR102,14,IND,00-0033251,WR,97.18212989937071,119.0,-21.817870100629293,239.0
214.0,Randall Cobb,WR78,13,GB,00-0028002,WR,96.80379956308752,119.0,-22.196200436912477,240.0
25.0,Allen Robinson,WR10,10,CHI,00-0031428,WR,95.10889973729849,119.0,-23.891100262701514,241.0
349.0,Jaret Patterson,RB94,9,WAS,00-0036755,RB,95.60490314983315,120.0,-24.39509685016685,242.0
427.0,Freddie Swain,WR138,9,SEA,00-0036247,WR,94.21399974510074,119.0,-24.786000254899264,243.0
333.0,Olamide Zaccheaus,WR112,6,ATL,00-0035208,WR,94.02824623676673,119.0,-24.971753763233266,244.0
96.0,Michael Carter,RB33,6,NYJ,00-0036924,RB,95.01674444356127,120.0,-24.983255556438735,245.0
108.0,Michael Gallup,WR45,7,DAL,00-0034764,WR,92.00010043025017,119.0,-26.99989956974983,246.0
221.0,Boston Scott,RB64,14,PHI,00-0034414,RB,92.9176002111559,120.0,-27.0823997888441,247.0
71.0,Kenny Golladay,WR32,10,NYG,00-0033932,WR,91.76029966905713,119.0,-27.239700330942867,248.0
220.0,Marquez Valdes-Scantling,WR79,13,GB,00-0034272,WR,91.57851558720266,119.0,-27.42148441279734,249.0
555.0,Jauan Jennings,WR186,6,SF,00-0036259,WR,90.59556046336562,119.0,-28.404439536634385,250.0
397.0,Foster Moreau,TE53,8,LV,00-0034981,TE,83.98449923366309,113.0,-29.015500766336913,251.0
180.0,Rashod Bateman,WR70,8,BAL,00-0036550,WR,89.77222896332725,119.0,-29.22777103667275,252.0
481.0,Ameer Abdullah,RB132,7,MIN,00-0032104,RB,89.7907267254442,120.0,-30.209273274555798,253.0
307.0,Mo Alie-Cox,TE36,14,IND,00-0033217,TE,82.43420063436031,113.0,-30.56579936563969,254.0
205.0,Rhamondre Stevenson,RB60,14,NE,00-0036875,RB,89.09534752593221,120.0,-30.904652474067788,255.0
120.0,David Johnson,RB43,10,HOU,00-0032187,RB,88.52200048692525,120.0,-31.47799951307475,256.0
269.0,Cam Newton,QB33,-,FA,00-0027939,QB,86.40489966273307,118.0,-31.595100337266928,257.0
312.0,Andy Dalton,QB37,10,CHI,00-0027973,QB,85.63620022684336,118.0,-32.36379977315664,258.0
161.0,Anthony Firkser,TE23,13,TEN,00-0033455,TE,80.376200360246,113.0,-32.623799639754,259.0
183.0,Tre'Quan Smith,WR71,6,NO,00-0034765,WR,85.84704250460115,119.0,-33.15295749539885,260.0
44.0,Julio Jones,WR21,13,TEN,00-0027944,WR,85.83029869437217,119.0,-33.169701305627825,261.0
378.0,Cameron Brate,TE49,9,TB,00-0031273,TE,79.71075019076467,113.0,-33.28924980923533,262.0
273.0,Samaje Perine,RB73,10,CIN,00-0033526,RB,86.40976610380412,120.0,-33.59023389619588,263.0
275.0,Jack Doyle,TE32,14,IND,00-0030181,TE,78.90949943840504,113.0,-34.090500561594965,264.0
510.0,Demetric Felton,WR171,13,CLE,00-0036654,RB,85.49654147482393,120.0,-34.50345852517607,265.0
485.0,D'Onta Foreman,RB133,-,FA,00-0033925,RB,85.48850011523812,120.0,-34.511499884761875,266.0
211.0,Justin Jackson,RB61,7,LAC,00-0034440,RB,85.4278578986153,120.0,-34.5721421013847,267.0
62.0,Jerry Jeudy,WR26,11,DEN,00-0036407,WR,84.32730974053726,119.0,-34.67269025946274,268.0
353.0,Adam Humphries,WR119,9,WAS,00-0032009,WR,82.82331933437261,119.0,-36.17668066562739,269.0
360.0,Albert Okwuegbunam,TE47,11,DEN,00-0036423,TE,75.57993281716534,113.0,-37.42006718283466,270.0
619.0,DeAndre Carter,WR217,9,WAS,00-0031763,WR,80.97590019602329,119.0,-38.02409980397671,271.0
160.0,Jalen Reagor,WR62,14,PHI,00-0036387,WR,80.83568284297215,119.0,-38.16431715702785,272.0
93.0,Ronald Jones,RB32,9,TB,00-0034816,RB,81.5313009557873,120.0,-38.4686990442127,273.0
411.0,Geoff Swaim,TE57,13,TEN,00-0032141,TE,74.01199924901128,113.0,-38.98800075098872,274.0
292.0,Dyami Brown,WR100,9,WAS,00-0036626,WR,79.87245622695987,119.0,-39.12754377304013,275.0
248.0,Tyrod Taylor,QB32,10,HOU,00-0028118,QB,78.72562769176811,118.0,-39.27437230823189,276.0
198.0,T.Y. Hilton,WR74,14,IND,00-0029608,WR,79.23763361337284,119.0,-39.762366386627164,277.0
113.0,Jonnu Smith,TE13,14,NE,00-0033858,TE,73.22283300533891,113.0,-39.77716699466109,278.0
252.0,Josh Reynolds,WR85,13,TEN,00-0033943,WR,78.6418486103043,119.0,-40.358151389695706,279.0
257.0,DeSean Jackson,WR89,11,LAR,00-0026189,WR,78.39993757437182,119.0,-40.60006242562818,280.0
352.0,Elijah Mitchell,RB95,6,SF,00-0036567,RB,79.29471028334046,120.0,-40.705289716659536,281.0
612.0,Tyler Huntley,QB54,8,BAL,00-0035993,QB,77.18280145984143,118.0,-40.81719854015857,282.0
245.0,Dan Arnold,TE29,13,CAR,00-0034011,TE,72.00112468987703,113.0,-40.99887531012297,283.0
390.0,Devin Duvernay,WR128,8,BAL,00-0036331,WR,77.20519979313016,119.0,-41.79480020686984,284.0
522.0,Jamal Agnew,WR175,7,JAC,00-0033572,WR,76.62799993380904,119.0,-42.372000066190964,285.0
149.0,Sterling Shepard,WR60,10,NYG,00-0032385,WR,76.39356612463793,119.0,-42.60643387536207,286.0
327.0,Demarcus Robinson,WR110,12,KC,00-0032775,WR,76.04650099229067,119.0,-42.953499007709325,287.0
513.0,Durham Smythe,TE77,14,MIA,00-0034798,TE,69.83699873007834,113.0,-43.163001269921665,288.0
413.0,Kyle Juszczyk,RB111,6,SF,00-0029892,RB,76.74809228362639,120.0,-43.25190771637361,289.0
543.0,Jacoby Brissett,QB50,14,MIA,00-0033119,QB,74.39537451874465,118.0,-43.604625481255354,290.0
424.0,Damiere Byrd,WR136,10,CHI,00-0031868,WR,75.2486121895364,119.0,-43.7513878104636,291.0
144.0,Henry Ruggs,WR59,8,LV,00-0036357,WR,75.16572919836382,119.0,-43.83427080163618,292.0
388.0,Tyler Johnson,WR127,9,TB,00-0036427,WR,74.50049963116646,119.0,-44.49950036883354,293.0
206.0,Darius Slayton,WR76,10,NYG,00-0035535,WR,74.0613265055788,119.0,-44.938673494421195,294.0
13.0,Calvin Ridley,WR5,6,ATL,00-0034837,WR,73.79440017044544,119.0,-45.20559982955456,295.0
464.0,Tommy Tremble,TE67,13,CAR,00-0037005,TE,66.70203676571523,113.0,-46.297963234284765,296.0
345.0,Chris Evans,RB93,10,CIN,00-0036857,RB,73.5419255843592,120.0,-46.458074415640795,297.0
229.0,Sammy Watkins,WR81,8,BAL,00-0031325,WR,71.7919033574526,119.0,-47.2080966425474,298.0
462.0,Ryan Griffin,TE66,6,NYJ,00-0030108,TE,65.70250022254885,113.0,-47.29749977745115,299.0
545.0,Ricky Seals-Jones,TE86,9,WAS,00-0033611,TE,65.47100062049925,113.0,-47.528999379500746,300.0
225.0,Hayden Hurst,TE26,6,ATL,00-0034830,TE,65.18860076183826,113.0,-47.81139923816174,301.0
277.0,James Washington,WR93,7,PIT,00-0034676,WR,70.70471506017869,119.0,-48.295284939821315,302.0
396.0,Alex Collins,RB109,9,SEA,00-0032426,RB,71.19253176940698,120.0,-48.80746823059302,303.0
443.0,Anthony Schwartz,WR149,13,CLE,00-0036999,WR,70.01993062987954,119.0,-48.98006937012046,304.0
177.0,Terrace Marshall,WR68,13,CAR,00-0036955,WR,69.95604806521123,119.0,-49.043951934788765,305.0
188.0,Adam Trautman,TE25,6,NO,00-0036422,TE,63.87199932932854,113.0,-49.12800067067146,306.0
339.0,Harrison Bryant,TE43,13,CLE,00-0036232,TE,63.82254505278632,113.0,-49.17745494721368,307.0
632.0,Chester Rogers,WR226,13,TEN,00-0032355,WR,69.68574568440816,119.0,-49.31425431559184,308.0
297.0,Kyle Rudolph,TE33,10,NYG,00-0027981,TE,63.192416575219895,113.0,-49.807583424780105,309.0
322.0,Donald Parham,TE39,7,LAC,00-0035329,TE,62.402499371618035,113.0,-50.597500628381965,310.0
448.0,Jeremy McNichols,RB119,13,TEN,00-0033955,RB,69.24210091777147,120.0,-50.75789908222853,311.0
433.0,Danny Amendola,WR142,-,FA,00-0026035,WR,68.21429915718734,119.0,-50.78570084281266,312.0
546.0,Ray-Ray McCloud,WR182,7,PIT,00-0034407,WR,67.60100015107543,119.0,-51.398999848924575,313.0
631.0,Dax Milne,WR225,9,WAS,00-0036671,WR,67.27287623023705,119.0,-51.727123769762954,314.0
305.0,DeeJay Dallas,RB79,9,SEA,00-0036425,RB,68.15261126411728,120.0,-51.84738873588272,315.0
423.0,Travis Homer,RB114,9,SEA,00-0035594,RB,68.04171690848966,120.0,-51.95828309151034,316.0
298.0,Ty'Son Williams,RB78,8,BAL,00-0036457,RB,67.11634652607657,120.0,-52.88365347392343,317.0
385.0,Chris Conley,WR125,10,HOU,00-0032128,WR,65.87407472488533,119.0,-53.12592527511467,318.0
164.0,Trey Lance,QB25,6,SF,00-0037012,QB,63.89617252992049,118.0,-54.10382747007951,319.0
137.0,Giovani Bernard,RB48,9,TB,00-0030456,RB,63.65740012690425,120.0,-56.34259987309575,320.0
195.0,Damien Williams,RB56,10,CHI,00-0030874,RB,61.90503555225847,120.0,-58.09496444774153,321.0
289.0,Rashard Higgins,WR97,13,CLE,00-0032977,WR,60.640799684301015,119.0,-58.359200315698985,322.0
329.0,Will Dissly,TE41,9,SEA,00-0034159,TE,53.3735001295805,113.0,-59.6264998704195,323.0
260.0,Kadarius Toney,WR90,10,NYG,00-0036913,WR,59.00115151505023,119.0,-59.99884848494977,324.0
80.0,Logan Thomas,TE8,9,WAS,00-0031260,TE,52.963399938941,113.0,-60.036600061059,325.0
97.0,Robert Tonyan,TE10,13,GB,00-0033757,TE,52.656399241387845,113.0,-60.343600758612155,326.0
342.0,Jordan Howard,RB90,14,PHI,00-0032780,RB,59.50490102164447,120.0,-60.49509897835553,327.0
444.0,Marquise Goodwin,WR150,10,CHI,00-0030068,WR,57.69810329285404,119.0,-61.30189670714596,328.0
267.0,Jimmy Graham,TE31,10,CHI,00-0027696,TE,51.6437706053257,113.0,-61.3562293946743,329.0
527.0,Tavon Austin,WR177,7,JAC,00-0030525,WR,57.3744991941005,119.0,-61.6255008058995,330.0
570.0,John Bates,TE91,9,WAS,00-0036628,TE,51.27073910970199,113.0,-61.72926089029801,331.0
296.0,D'Wayne Eskridge,WR103,9,SEA,00-0036620,WR,56.81643371405733,119.0,-62.18356628594267,332.0
368.0,Duke Johnson,RB102,7,JAC,00-0032257,RB,57.30580112338066,120.0,-62.69419887661934,333.0
395.0,James O'Shaughnessy,TE52,7,JAC,00-0031951,TE,50.29849992334843,113.0,-62.70150007665157,334.0
426.0,Isaiah McKenzie,WR137,7,BUF,00-0033466,WR,56.11499952748418,119.0,-62.88500047251582,335.0
404.0,Kylen Granson,TE55,14,IND,00-0036876,TE,50.04414892501427,113.0,-62.95585107498573,336.0
363.0,Juwan Johnson,TE48,6,NO,00-0036040,TE,49.563000116720794,113.0,-63.436999883279206,337.0
493.0,Marcedes Lewis,TE73,13,GB,00-0024243,TE,49.43850061044097,113.0,-63.56149938955903,338.0
386.0,Brevin Jordan,TE50,10,HOU,00-0036556,TE,48.8455922899241,113.0,-64.1544077100759,339.0
328.0,Larry Rountree,RB86,7,LAC,00-0036650,RB,55.31281494360923,120.0,-64.68718505639077,340.0
314.0,Jordan Akins,TE37,10,HOU,00-0034364,TE,48.10570038713515,113.0,-64.89429961286484,341.0
300.0,Drew Lock,QB36,11,DEN,00-0035704,QB,51.73569933377206,118.0,-66.26430066622794,342.0
320.0,Eno Benjamin,RB85,12,ARI,00-0036383,RB,53.30581623247988,120.0,-66.69418376752012,343.0
643.0,Antoine Wesley,WR236,12,ARI,00-0035126,WR,51.881911938773726,119.0,-67.11808806122627,344.0
418.0,Cam Sims,WR133,9,WAS,00-0034104,WR,51.63649969067425,119.0,-67.36350030932576,345.0
197.0,Carlos Hyde,RB57,7,JAC,00-0031045,RB,52.12127417022806,120.0,-67.87872582977194,346.0
480.0,Jaelon Darden,WR160,9,TB,00-0036877,WR,50.645851296901384,119.0,-68.35414870309862,347.0
361.0,Peyton Barber,RB99,8,LV,00-0032741,RB,51.63020048175007,120.0,-68.36979951824992,348.0
621.0,Chris Moore,WR218,-,FA,00-0032398,WR,50.571374999582765,119.0,-68.42862500041724,349.0
159.0,Tevin Coleman,RB51,6,NYJ,00-0032058,RB,51.461400051862,120.0,-68.538599948138,350.0
409.0,Albert Wilson,WR131,14,MIA,00-0030669,WR,50.131329400112975,119.0,-68.86867059988703,351.0
377.0,Dare Ogunbowale,RB106,7,JAC,00-0033854,RB,50.841500031128525,120.0,-69.15849996887147,352.0
450.0,Lil'Jordan Humphrey,WR152,6,NO,00-0035406,WR,49.45642812270671,119.0,-69.54357187729329,353.0
569.0,Tajae Sharpe,WR197,6,ATL,00-0032778,WR,48.94490012589842,119.0,-70.05509987410159,354.0
34.0,Chris Carson,RB16,9,SEA,00-0033594,RB,49.52230047695339,120.0,-70.47769952304661,355.0
130.0,Phillip Lindsay,RB46,10,HOU,00-0034109,RB,48.99356963438682,120.0,-71.00643036561317,356.0
400.0,Maxx Williams,TE54,12,ARI,00-0031558,TE,41.95450021252036,113.0,-71.04549978747964,357.0
573.0,Brandon Zylstra,WR200,13,CAR,00-0034052,WR,47.84849987588823,119.0,-71.15150012411178,358.0
348.0,Tyler Kroft,TE45,6,NYJ,00-0032214,TE,41.812083547686534,113.0,-71.18791645231346,359.0
558.0,Ben Skowronek,WR189,11,LAR,00-0036862,WR,47.59387473509744,119.0,-71.40612526490256,360.0
645.0,Tom Kennedy,WR238,9,DET,00-0035544,WR,47.24565292374979,119.0,-71.75434707625021,361.0
581.0,Stephen Anderson,TE97,7,LAC,00-0032725,TE,39.98831164733782,113.0,-73.01168835266219,362.0
465.0,Pharaoh Brown,TE68,10,HOU,00-0033439,TE,39.80599967561662,113.0,-73.19400032438338,363.0
186.0,Eric Ebron,TE24,7,PIT,00-0031387,TE,39.77837912095586,113.0,-73.22162087904414,364.0
561.0,Trinity Benson,WR192,9,DET,00-0034930,WR,45.386727887733144,119.0,-73.61327211226686,365.0
281.0,Quintez Cephus,WR94,9,DET,00-0036277,WR,44.83598282307883,119.0,-74.16401717692116,366.0
584.0,Ashton Dulin,WR203,14,IND,00-0035021,WR,44.42839997630566,119.0,-74.57160002369434,367.0
323.0,Ian Thomas,TE40,13,CAR,00-0034365,TE,37.53450019001961,113.0,-75.4654998099804,368.0
578.0,Zach Gentry,TE95,7,PIT,00-0035222,TE,37.12486671944814,113.0,-75.87513328055186,369.0
64.0,JuJu Smith-Schuster,WR28,7,PIT,00-0033857,WR,42.97919961556792,119.0,-76.02080038443208,370.0
279.0,Matt Breida,RB75,7,BUF,00-0033308,RB,43.670749853104354,120.0,-76.32925014689565,371.0
200.0,Salvon Ahmed,RB58,14,MIA,00-0036020,RB,43.31189964246005,120.0,-76.68810035753995,372.0
242.0,O.J. Howard,TE28,9,TB,00-0033879,TE,34.64624948009848,113.0,-78.35375051990152,373.0
369.0,Royce Freeman,RB103,13,CAR,00-0034838,RB,41.2196671305721,120.0,-78.7803328694279,374.0
365.0,Le'Veon Bell,RB101,-,FA,00-0030496,RB,40.93915029742569,120.0,-79.0608497025743,375.0
420.0,Jordan Love,QB43,13,GB,00-0036264,QB,38.501614171442355,118.0,-79.49838582855764,376.0
425.0,Kene Nwangwu,RB115,7,MIN,00-0036842,RB,40.3762861615662,120.0,-79.6237138384338,377.0
235.0,Jerick McKinnon,RB68,12,KC,00-0031376,RB,40.307205170121634,120.0,-79.69279482987837,378.0
408.0,Gardner Minshew,QB41,14,PHI,00-0035289,QB,37.34330023735762,118.0,-80.65669976264238,379.0
310.0,Ke'Shawn Vaughn,RB81,9,TB,00-0036450,RB,39.21670035667717,120.0,-80.78329964332283,380.0
152.0,Blake Jarwin,TE21,7,DAL,00-0033658,TE,32.21099999178201,113.0,-80.78900000821798,381.0
370.0,John Ross,WR121,10,NYG,00-0033460,WR,37.83100042074919,119.0,-81.16899957925081,382.0
625.0,Kendall Hinton,WR221,11,DEN,00-0035864,WR,37.21700003307313,119.0,-81.78299996692687,383.0
335.0,Greg Ward,WR114,14,PHI,00-0033733,WR,36.73290208819343,119.0,-82.26709791180657,384.0
311.0,N'Keal Harry,WR106,14,NE,00-0035624,WR,36.299499790333215,119.0,-82.70050020966679,385.0
458.0,Noah Gray,TE64,12,KC,00-0036637,TE,30.02297555476442,113.0,-82.97702444523557,386.0
293.0,Breshad Perriman,WR101,10,CHI,00-0032054,WR,35.92579142354015,119.0,-83.07420857645985,387.0
489.0,Shi Smith,WR164,13,CAR,00-0036572,WR,35.779335421794215,119.0,-83.22066457820578,388.0
539.0,Noah Brown,WR180,7,DAL,00-0033591,WR,34.97799996968359,119.0,-84.0220000303164,389.0
179.0,Parris Campbell,WR69,14,IND,00-0035639,WR,34.93250055167824,119.0,-84.06749944832177,390.0
434.0,Mohamed Sanu,WR143,6,SF,00-0029632,WR,34.45458307657391,119.0,-84.54541692342609,391.0
572.0,James Proche,WR199,8,BAL,00-0036133,WR,34.4167001690343,119.0,-84.5832998309657,392.0
90.0,DJ Chark,WR41,7,JAC,00-0034777,WR,33.96730004765094,119.0,-85.03269995234906,393.0
460.0,Nick Vannett,TE65,6,NO,00-0032394,TE,27.804000497683884,113.0,-85.19599950231611,394.0
467.0,C.J. Ham,RB127,7,MIN,00-0032918,RB,34.680000190883874,120.0,-85.31999980911613,395.0
86.0,Trey Sermon,RB31,6,SF,00-0036984,RB,34.26860872628054,120.0,-85.73139127371945,396.0
497.0,Elijhaa Penny,RB137,10,NYG,00-0032813,RB,33.774000502415,120.0,-86.22599949758501,397.0
455.0,Ty Montgomery,RB122,6,NO,00-0032200,WR,31.489000043310227,119.0,-87.51099995668977,398.0
639.0,Racey McMath,WR232,13,TEN,00-0036652,WR,30.775434873833365,119.0,-88.22456512616664,399.0
330.0,Jermar Jefferson,RB87,9,DET,00-0036670,RB,31.64818719048451,120.0,-88.3518128095155,400.0
530.0,Adam Shaheen,TE83,14,MIA,00-0033896,TE,24.364000238627195,113.0,-88.6359997613728,401.0
123.0,James White,RB44,14,NE,00-0031062,RB,30.921100355908276,120.0,-89.07889964409172,402.0
515.0,Luke Farrell,TE79,7,JAC,00-0036887,TE,23.857967356608224,113.0,-89.14203264339177,403.0
538.0,KhaDarel Hodge,WR179,9,DET,00-0034854,WR,29.796499981917442,119.0,-89.20350001808256,404.0
391.0,Jacob Hollister,TE51,7,JAC,00-0033387,TE,22.86489998008311,113.0,-90.13510001991689,405.0
256.0,Denzel Mims,WR88,6,NYJ,00-0036255,WR,28.78691680237651,119.0,-90.21308319762349,406.0
575.0,Lee Smith,TE92,6,ATL,00-0028097,TE,22.087499930039048,113.0,-90.91250006996096,407.0
350.0,Drew Sample,TE46,10,CIN,00-0035631,TE,21.852000069618224,113.0,-91.14799993038177,408.0
416.0,Collin Johnson,WR132,10,NYG,00-0036254,WR,27.78724118818662,119.0,-91.21275881181339,409.0
472.0,Trent Sherfield,WR155,6,SF,00-0034487,WR,27.19200004365295,119.0,-91.80799995634705,410.0
514.0,Josh Oliver,TE78,8,BAL,00-0035249,TE,20.774491418224716,113.0,-92.22550858177529,411.0
533.0,Tommy Sweeney,TE85,7,BUF,00-0035308,TE,20.693308272865913,113.0,-92.30669172713408,412.0
478.0,Chris Manhertz,TE70,7,JAC,00-0031484,TE,20.596499607339503,113.0,-92.4035003926605,413.0
306.0,Jalen Richard,RB80,8,LV,00-0033025,RB,27.40249965120107,120.0,-92.59750034879893,414.0
380.0,Tylan Wallace,WR124,8,BAL,00-0036630,WR,26.150567783760184,119.0,-92.84943221623982,415.0
488.0,Corey Clement,RB134,7,DAL,00-0033725,RB,26.72899990566075,120.0,-93.27100009433926,416.0
284.0,Amari Rodgers,WR95,13,GB,00-0036991,WR,25.6905434913752,119.0,-93.3094565086248,417.0
519.0,Tre' McKitty,TE81,7,LAC,00-0037011,TE,19.63643426916719,113.0,-93.36356573083282,418.0
583.0,Eric Saubert,TE99,11,DEN,00-0033576,TE,19.366000079363584,113.0,-93.63399992063641,419.0
384.0,Adrian Peterson,RB108,-,FA,00-0025394,RB,26.342050367072225,120.0,-93.65794963292777,420.0
469.0,Mekhi Sargent,RB129,13,TEN,00-0036698,RB,26.162070083570402,120.0,-93.8379299164296,421.0
557.0,Phillip Dorsett,WR188,7,JAC,00-0032208,WR,25.147760100806146,119.0,-93.85223989919385,422.0
640.0,Marcus Johnson,WR233,13,TEN,00-0032980,WR,24.96549978826195,119.0,-94.03450021173805,423.0
505.0,Blake Bell,TE76,12,KC,00-0032062,TE,18.910999743118882,113.0,-94.08900025688112,424.0
315.0,Tony Jones,RB83,6,NO,00-0035860,RB,25.821700237505137,120.0,-94.17829976249486,425.0
243.0,Joshua Kelley,RB69,7,LAC,00-0036370,RB,25.645378599525564,120.0,-94.35462140047443,426.0
501.0,Equanimeous St. Brown,WR168,13,GB,00-0034279,WR,24.15800005491823,119.0,-94.84199994508177,427.0
470.0,Alec Ingold,RB130,8,LV,00-0035125,RB,24.6189999300614,120.0,-95.38100006993861,428.0
194.0,Malcolm Brown,RB55,14,MIA,00-0031806,RB,24.029500115700067,120.0,-95.97049988429993,429.0
357.0,Kylin Hill,RB97,13,GB,00-0036669,RB,23.937395528913502,120.0,-96.0626044710865,430.0
512.0,Dazz Newsome,WR172,10,CHI,00-0036907,WR,22.64812472242171,119.0,-96.35187527757829,431.0
633.0,Sean McKeon,TE121,7,DAL,00-0036032,TE,16.243110193055344,113.0,-96.75688980694466,432.0
482.0,Ross Dwelley,TE71,6,SF,00-0034073,TE,15.78200023673475,113.0,-97.21799976326525,433.0
490.0,Kenny Stills,WR165,7,BUF,00-0030085,WR,21.56494992341846,119.0,-97.43505007658155,434.0
344.0,Qadree Ollison,RB92,-,FA,00-0035273,RB,22.393600207231938,120.0,-97.60639979276806,435.0
540.0,Jonathan Ward,RB152,12,ARI,00-0035924,RB,22.2754405691443,120.0,-97.72455943085569,436.0
566.0,Sam Ehlinger,QB51,14,IND,00-0036879,QB,20.17545742980921,118.0,-97.82454257019079,437.0
304.0,Preston Williams,WR104,14,MIA,00-0035350,WR,20.790001055382547,119.0,-98.20999894461745,438.0
630.0,Jesper Horsted,TE120,10,CHI,00-0035562,TE,14.768899614865582,113.0,-98.23110038513443,439.0
644.0,Jeff Smith,WR237,6,NYJ,00-0035510,WR,20.765999965108932,119.0,-98.23400003489107,440.0
431.0,Marcus Mariota,QB44,8,LV,00-0032268,QB,19.58140010163188,118.0,-98.41859989836811,441.0
261.0,Benny Snell,RB71,7,PIT,00-0035217,RB,21.474797627067282,120.0,-98.52520237293271,442.0
436.0,Hunter Long,TE60,14,MIA,00-0037004,TE,14.311436030227988,113.0,-98.68856396977202,443.0
646.0,Dante Pettis,WR239,10,NYG,00-0034860,WR,20.150600082241,119.0,-98.849399917759,444.0
459.0,Patrick Ricard,RB124,8,BAL,00-0033376,RB,21.023999977894125,120.0,-98.97600002210588,445.0
590.0,Mason Rudolph,QB52,7,PIT,00-0034771,QB,18.46049969512969,118.0,-99.5395003048703,446.0
414.0,J.J. Taylor,RB112,14,NE,00-0036096,RB,20.263300359323623,120.0,-99.73669964067638,447.0
102.0,Curtis Samuel,WR43,9,WAS,00-0033282,WR,19.03930003941059,119.0,-99.96069996058941,448.0
393.0,Dede Westbrook,WR129,7,MIN,00-0033839,WR,18.83940013665706,119.0,-100.16059986334294,449.0
429.0,Dez Fitzpatrick,WR140,13,TEN,00-0036627,WR,18.28877496366211,119.0,-100.7112250363379,450.0
574.0,Kevin White,WR201,6,NO,00-0031545,WR,17.95902211790156,119.0,-101.04097788209845,451.0
628.0,Jack Stoll,TE119,14,PHI,00-0036741,TE,11.884834423647257,113.0,-101.11516557635274,452.0
567.0,Chris Hogan,WR195,6,NO,00-0028237,WR,17.808999925851822,119.0,-101.19100007414818,453.0
563.0,Charlie Woerner,TE89,6,SF,00-0036429,TE,11.691999917551875,113.0,-101.30800008244813,454.0
218.0,Marlon Mack,RB63,14,IND,00-0033951,RB,18.47608992630456,120.0,-101.52391007369545,455.0
441.0,Darren Fells,TE61,9,DET,00-0029738,TE,11.39770004862547,113.0,-101.60229995137453,456.0
516.0,Kenny Yeboah,TE80,6,NYJ,00-0036510,TE,11.218629636755843,113.0,-101.78137036324415,457.0
387.0,Auden Tate,WR126,10,CIN,00-0034686,WR,16.884499891102315,119.0,-102.11550010889769,458.0
564.0,Colby Parkinson,TE90,9,SEA,00-0036244,TE,10.86350017812103,113.0,-102.13649982187897,459.0
637.0,Penny Hart,WR230,9,SEA,00-0035022,WR,16.84930011078715,119.0,-102.15069988921285,460.0
613.0,Dominique Dafney,TE111,13,GB,00-0036456,TE,10.799499913454056,113.0,-102.20050008654594,461.0
468.0,Keith Smith,RB128,6,ATL,00-0030968,RB,17.58329995457083,120.0,-102.41670004542917,462.0
542.0,Nick Foles,QB49,10,CHI,00-0029567,QB,15.306399562731386,118.0,-102.69360043726861,463.0
270.0,Anthony Miller,WR91,10,HOU,00-0034353,WR,16.10560000577569,119.0,-102.89439999422432,464.0
265.0,Wayne Gallman,RB72,6,ATL,00-0033950,RB,17.05804608818392,120.0,-102.94195391181609,465.0
319.0,Kalen Ballage,RB84,7,PIT,00-0034799,RB,17.00932147802519,120.0,-102.99067852197481,466.0
526.0,Phillip Walker,QB48,13,CAR,00-0033275,QB,14.849800110794604,118.0,-103.1501998892054,467.0
594.0,Garrett Griffin,TE104,6,NO,00-0033095,TE,9.645698453402462,113.0,-103.35430154659754,468.0
422.0,Ihmir Smith-Marsette,WR135,7,MIN,00-0036635,WR,15.22261049627536,119.0,-103.77738950372463,469.0
506.0,Michael Burton,RB140,12,KC,00-0031595,RB,15.610999791435898,120.0,-104.3890002085641,470.0
518.0,J.J. Arcega-Whiteside,WR173,14,PHI,00-0035246,TE,8.247999902963638,113.0,-104.75200009703636,471.0
635.0,Dezmon Patmon,WR228,14,IND,00-0036228,WR,13.940031320912784,119.0,-105.05996867908722,472.0
492.0,Andy Janovich,RB135,13,CLE,00-0032956,RB,14.423499857224524,120.0,-105.57650014277547,473.0
580.0,Trevon Wesco,TE96,6,NYJ,00-0035259,TE,7.414000014960766,113.0,-105.58599998503924,474.0
454.0,Gary Brightwell,RB121,10,NYG,00-0036569,RB,14.348164475467158,120.0,-105.65183552453284,475.0
500.0,Cameron Batson,WR167,13,TEN,00-0034652,WR,12.866999871060251,119.0,-106.13300012893976,476.0
503.0,Mike Strachan,WR170,14,IND,00-0036482,WR,12.55213228334601,119.0,-106.44786771665399,477.0
602.0,Kaden Smith,TE107,10,NYG,00-0034988,TE,6.527000046633184,113.0,-106.47299995336681,478.0
445.0,Mitchell Trubisky,QB45,7,BUF,00-0033869,QB,11.109700262770057,118.0,-106.89029973722994,479.0
593.0,Jeremy Sprinkle,TE103,7,DAL,00-0033528,TE,6.018999933227897,113.0,-106.9810000667721,480.0
453.0,Brycen Hopkins,TE62,11,LAR,00-0036424,TE,5.872139282858038,113.0,-107.12786071714196,481.0
554.0,Trey Ragas,RB154,8,LV,00-0036523,RB,12.865800993994236,120.0,-107.13419900600576,482.0
487.0,Andre Roberts,WR163,10,HOU,00-0027691,WR,11.689799986369907,119.0,-107.3102000136301,483.0
614.0,Mitchell Wilcox,TE112,10,CIN,00-0035771,TE,5.618610003828296,113.0,-107.3813899961717,484.0
332.0,Tyron Johnson,WR111,7,JAC,00-0035457,WR,11.466425658415483,119.0,-107.53357434158451,485.0
525.0,Reggie Gilliam,RB145,7,BUF,00-0036187,RB,11.954833330425124,120.0,-108.04516666957488,486.0
491.0,Christian Blake,WR166,6,ATL,00-0034132,WR,10.918499987833203,119.0,-108.0815000121668,487.0
412.0,Jacob Eason,QB42,14,IND,00-0036226,QB,9.877640564154301,118.0,-108.1223594358457,488.0
475.0,Frank Darby,WR157,6,ATL,00-0036951,WR,10.797821994431173,119.0,-108.20217800556883,489.0
586.0,Cethan Carter,TE100,14,MIA,00-0033338,TE,4.621499932147563,113.0,-108.37850006785244,490.0
582.0,Daniel Brown,TE98,6,NYJ,00-0032098,TE,4.5780000603199005,113.0,-108.4219999396801,491.0
520.0,Kellen Mond,QB47,7,MIN,00-0036946,QB,9.443166472364751,118.0,-108.55683352763525,492.0
571.0,Mike Thomas,WR198,10,CIN,00-0033114,WR,10.427000039890409,119.0,-108.5729999601096,493.0
607.0,Alex Erickson,WR215,13,CAR,00-0032543,WR,10.3620999892056,119.0,-108.6379000107944,494.0
417.0,Nick Boyle,TE58,8,BAL,00-0031598,TE,4.207500033378601,113.0,-108.79249996662139,495.0
606.0,Chad Henne,QB53,12,KC,00-0026197,QB,9.103723357124876,118.0,-108.89627664287512,496.0
484.0,Richard Rodgers,TE72,-,FA,00-0031384,TE,4.010520169497955,113.0,-108.98947983050205,497.0
495.0,Darrell Daniels,TE74,12,ARI,00-0033258,TE,3.492000041231513,113.0,-109.5079999587685,498.0
537.0,Gunner Olszewski,WR178,14,NE,00-0035645,WR,9.384000000506639,119.0,-109.61599999949337,499.0
577.0,Derek Carrier,TE94,8,LV,00-0029119,TE,3.2954999665170908,113.0,-109.70450003348292,500.0
499.0,Jakob Johnson,RB139,14,NE,00-0035726,RB,9.914499892741443,120.0,-110.08550010725855,501.0
276.0,John Brown,WR92,-,FA,00-0031051,WR,8.789699975401163,119.0,-110.21030002459884,502.0
552.0,Johnny Mundt,TE88,11,LAR,00-0033246,TE,2.5374999806284904,113.0,-110.4625000193715,503.0
446.0,Trayveon Williams,RB117,10,CIN,00-0035291,RB,9.327099892348052,120.0,-110.67290010765194,504.0
605.0,Rodney Adams,WR214,10,CHI,00-0033957,WR,8.293181532128933,119.0,-110.70681846787107,505.0
373.0,Mike Boone,RB104,11,DEN,00-0034208,RB,9.260500057935715,120.0,-110.73949994206428,506.0
142.0,Ryan Fitzpatrick,QB19,9,WAS,00-0023682,QB,7.180899988114834,118.0,-110.81910001188517,507.0
553.0,Alex Armah,RB153,6,NO,00-0033296,RB,8.875499993674458,120.0,-111.12450000632555,508.0
559.0,Marcus Kemp,WR190,12,KC,00-0033481,WR,7.791999913118779,119.0,-111.20800008688121,509.0
617.0,Colin Thompson,TE115,13,CAR,00-0033720,TE,1.742999992966652,113.0,-111.25700000703335,510.0
597.0,Jake Kumerow,WR209,7,BUF,00-0031787,WR,7.07129997793585,119.0,-111.92870002206415,511.0
343.0,Jake Funk,RB91,11,LAR,00-0036860,RB,7.7438996270570595,120.0,-112.25610037294294,512.0
544.0,K.J. Hill,WR181,7,LAC,00-0036382,WR,6.360999999940395,119.0,-112.63900000005961,513.0
511.0,Patrick Laird,RB143,14,MIA,00-0035342,RB,6.950500024743378,120.0,-113.04949997525662,514.0
498.0,Jaylen Samuels,RB138,7,PIT,00-0034331,RB,6.935699942223728,120.0,-113.06430005777628,515.0
634.0,Trent Taylor,WR227,10,CIN,00-0033292,WR,5.7164999410882595,119.0,-113.28350005891174,516.0
325.0,Keke Coutee,WR108,14,IND,00-0034366,WR,5.656500022411347,119.0,-113.34349997758865,517.0
547.0,Isaiah Coulter,WR183,10,CHI,00-0036308,WR,5.560693198869525,119.0,-113.43930680113047,518.0
376.0,Ito Smith,RB105,-,FA,00-0034378,RB,6.3825000554323195,120.0,-113.61749994456768,519.0
642.0,Stanley Morgan,WR235,10,CIN,00-0035399,WR,5.356999900341034,119.0,-113.64300009965896,520.0
285.0,La'Mical Perine,RB76,6,NYJ,00-0036269,RB,6.2999328066827065,120.0,-113.7000671933173,521.0
77.0,Raheem Mostert,RB29,6,SF,00-0031687,RB,5.729900017753243,120.0,-114.27009998224676,522.0
618.0,Giovanni Ricci,TE116,13,CAR,00-0035956,RB,5.379156690108911,120.0,-114.62084330989109,523.0
599.0,Malik Taylor,WR211,13,GB,00-0035480,WR,4.257500050663948,119.0,-114.74249994933605,524.0
641.0,DJ Montgomery,WR234,6,NYJ,00-0035045,WR,4.121996775538544,119.0,-114.87800322446145,525.0
207.0,Tyrell Williams,WR77,9,DET,00-0032160,WR,3.961405199483747,119.0,-115.03859480051625,526.0
528.0,Trenton Cannon,RB146,-,FA,00-0034164,RB,4.871500005498529,120.0,-115.12849999450147,527.0
228.0,Darrynton Evans,RB65,13,TEN,00-0036297,RB,4.321199983557066,120.0,-115.67880001644293,528.0
346.0,Miles Boykin,WR117,8,BAL,00-0035703,WR,2.9920000214874745,119.0,-116.00799997851253,529.0
334.0,Andy Isabella,WR113,12,ARI,00-0035527,WR,2.5354999696835874,119.0,-116.46450003031642,530.0
274.0,Anthony McFarland,RB74,7,PIT,00-0036336,RB,3.3639999533817173,120.0,-116.63600004661828,531.0
477.0,Khari Blasingame,RB131,13,TEN,00-0035099,RB,3.362000005878508,120.0,-116.63799999412149,532.0
439.0,Devine Ozigbo,RB116,7,JAC,00-0035184,RB,3.311499988436699,120.0,-116.6885000115633,533.0
449.0,David Moore,WR151,8,LV,00-0033589,WR,2.243000000678003,119.0,-116.75699999932199,534.0
603.0,Diontae Spencer,WR212,11,DEN,00-0031319,WR,2.2420000010728836,119.0,-116.75799999892712,535.0
579.0,Seth Williams,WR202,11,DEN,00-0036657,WR,1.662627411004333,119.0,-117.33737258899566,536.0
591.0,Geronimo Allison,WR205,-,FA,00-0032626,WR,1.1940000128746033,119.0,-117.8059999871254,537.0
59.0,Gus Edwards,RB25,8,BAL,,,,0.0,,
