Rank,POS,AVG,Player,Team,Bye,player_id,position_group,predicted_fantasy_points,opportunity_cost,final_score,rank
1,RB1,1.0,Christian McCaffrey,SF,6,00-0033280,RB,127.31780158400535,0.15480124246861138,9.171529305806116,23.0
2,RB2,2.0,Dalvin Cook,NYJ,6,00-0033893,RB,204.89169899880886,0.014366591849388044,7.887633257417343,41.0
3,RB3,3.0,Alvin Kamara,NO,6,00-0033906,RB,232.12610203146934,0.3988275045450713,9.127340753482896,24.0
4,RB4,4.0,Derrick Henry,TEN,13,00-0032764,RB,188.60369933605196,1.897868232630632,12.736665324818564,2.0
5,RB5,5.8,Ezekiel Elliott,NE,14,00-0033045,RB,263.70990234047173,0.29343950411178454,7.902893350305061,40.0
6,WR1,6.6,Davante Adams,LV,8,00-0031381,WR,345.74049916148186,1.0021937693841743,11.305487483488395,6.0
7,TE1,8.4,Travis Kelce,KC,12,00-0030506,TE,261.7179954220355,2.41739869012941,9.387386702003313,21.0
8,RB6,9.4,Aaron Jones,GB,13,00-0033293,RB,236.19799996703864,0.23418613463757154,7.99035973288674,38.0
9,RB7,9.6,Saquon Barkley,NYG,10,00-0034844,RB,140.70447444812643,0.12128812220251284,5.472354616798427,126.0
10,RB8,10.4,Austin Ekeler,LAC,7,00-0033699,RB,336.0711009335518,2.816186439203367,11.910315123775177,4.0
11,RB9,10.4,Jonathan Taylor,IND,14,00-0036223,RB,368.51910113438964,0.6731503760288753,11.17537228020237,7.0
12,RB10,10.4,Nick Chubb,CLE,13,00-0034791,RB,207.475697761029,0.42871351528469326,7.624203106250525,52.0
13,WR2,10.6,Tyreek Hill,MIA,14,00-0033040,WR,295.43359683543446,0.2314591894211162,8.804953031046866,30.0
14,WR3,14.0,Stefon Diggs,BUF,7,00-0031588,WR,289.0352983996272,0.548101461972383,8.775088919210521,31.0
15,RB11,15.6,Najee Harris,PIT,7,00-0036893,RB,149.21850156089752,0.24102567685649134,4.509292296101703,179.0
16,WR4,17.2,DeAndre Hopkins,TEN,13,00-0030564,WR,147.1740986983478,0.17885105490596764,7.448130462370373,55.0
17,RB12,17.6,Antonio Gibson,WAS,9,00-0036328,RB,228.8916007426381,0.02526854776715126,7.165496797091016,63.0
18,QB1,18.2,Patrick Mahomes,KC,12,00-0033873,QB,366.59070002168414,0.09373001391897517,10.828944419361962,12.0
19,WR5,18.4,Calvin Ridley,JAC,7,00-0034837,WR,73.79440017044544,0.04147016425431005,7.400175099171699,59.0
20,WR6,18.8,DK Metcalf,SEA,9,00-0035640,WR,247.1554998537898,0.4432118336198947,7.490885324274353,54.0
21,RB13,20.8,Joe Mixon,CIN,10,00-0033897,RB,288.53529802680015,0.1776021242542889,9.105529125464649,25.0
22,TE2,22.4,Darren Waller,NYG,10,00-0031610,TE,139.63550004020334,0.6602245718153092,6.677180469553261,78.0
23,WR7,23.4,Justin Jefferson,MIN,7,00-0036322,WR,331.4935983535647,1.7882875683252522,10.64395550044394,13.0
24,WR8,23.8,A.J. Brown,PHI,14,00-0035676,WR,182.4624987785518,0.13324558991079094,7.08441120951508,64.0
25,RB14,24.2,Clyde Edwards-Helaire,KC,12,00-0036360,RB,117.55600011408329,0.03447008822858422,5.895035049818457,104.0
26,TE3,26.8,George Kittle,SF,6,00-0033288,TE,195.1596643324693,0.18118183915784059,7.060578931452824,65.0
27,WR9,27.4,Keenan Allen,LAC,7,00-0030279,WR,261.035398953706,0.6341695695942544,8.474441002100441,34.0
28,WR10,29.6,Terry McLaurin,WAS,9,00-0035659,WR,221.3099004238844,0.3040453086532491,6.661137372676166,79.0
29,QB2,30.0,Josh Allen,BUF,7,00-0034857,QB,399.0114015811682,1.155417736383047,12.313338326461176,3.0
30,RB15,30.2,David Montgomery,DET,9,00-0035685,RB,197.8458000010252,0.10929431153719094,7.664101001961872,51.0
31,WR11,32.0,Allen Robinson,PIT,7,00-0031428,WR,95.10889973729849,0.0019782834375901004,3.963859964106232,229.0
32,RB16,32.4,Chris Carson,None,None,00-0033594,RB,49.52230047695339,0.6249751078300179,6.502775113534183,89.0
33,WR12,32.8,CeeDee Lamb,DAL,7,00-0036358,WR,221.026799569726,0.01444854849485111,6.914311760801363,71.0
34,RB17,33.4,James Robinson,None,None,00-0035831,RB,184.13899955019355,0.015273121707140902,6.584029401931911,84.0
35,WR13,35.4,Mike Evans,TB,9,00-0031408,WR,263.2635986316204,0.13926247986965024,8.296618697172963,36.0
36,RB18,36.4,Josh Jacobs,LV,8,00-0035700,RB,226.64420071274043,0.27689790423558414,7.693255642542473,48.0
37,RB19,36.8,D'Andre Swift,PHI,14,00-0036275,RB,192.8253011959791,0.013022779397420692,7.422869128005599,56.0
38,RB20,38.2,Miles Sanders,CAR,13,00-0035243,RB,116.5638013201952,0.12560060629104086,4.919625358153653,152.0
39,WR14,38.4,Robert Woods,HOU,10,00-0030431,WR,135.67950051546097,0.2981665778871072,7.686833317580274,49.0
40,QB3,40.2,Kyler Murray,ARI,12,00-0035228,QB,300.5860033524036,0.3512787559841364,10.910853783435055,9.0
41,WR15,41.2,Amari Cooper,CLE,13,00-0031544,WR,196.97560158878565,0.11347733588662834,6.622592054236169,82.0
42,WR16,42.4,Chris Godwin,TB,9,00-0033921,WR,247.95870209932326,0.276378716145242,8.99385729019131,27.0
43,QB4,44.8,Lamar Jackson,BAL,8,00-0034796,QB,231.9199004393816,0.019899575444412676,9.673278972696439,19.0
44,WR17,46.0,Cooper Kupp,LAR,11,00-0033908,WR,432.48709894180297,3.831636387219323,14.636026986015631,1.0
45,WR18,46.2,Julio Jones,PHI,14,00-0027944,WR,85.83029869437217,0.02847575330619989,4.3057528113717085,196.0
46,TE4,47.0,Kyle Pitts,ATL,6,00-0036970,TE,93.41194552541978,0.06243692820483826,2.7786286266147657,404.0
47,WR19,49.2,Tyler Lockett,SEA,9,00-0032211,WR,249.41310054451228,0.10688109086826358,7.84759993745014,43.0
48,RB21,49.8,Myles Gaskin,MIN,7,00-0035311,RB,173.63540197253226,0.5001970648385736,5.3570221198467065,134.0
49,TE5,50.6,Mark Andrews,BAL,8,00-0034753,TE,302.4769970321655,1.4353898174266355,9.614077174365244,20.0
50,WR20,50.6,Adam Thielen,CAR,13,00-0030035,WR,200.925100530982,0.38027690664825187,7.918026935284972,39.0
51,WR21,51.8,Diontae Johnson,PIT,7,00-0035216,WR,274.351802932024,0.1449113068028396,8.64594949502717,33.0
52,WR22,53.4,DJ Moore,CHI,10,00-0034827,WR,239.62089868225158,0.023513527993916483,7.059430254651416,66.0
53,QB5,54.4,Aaron Rodgers,NYJ,6,00-0023459,QB,337.9064008784294,1.0093565266314464,11.064253290766642,8.0
54,QB6,55.6,Russell Wilson,DEN,11,00-0029263,QB,244.11739999473096,0.28752846048878666,8.862242801484784,28.0
55,QB7,56.0,Dak Prescott,DAL,7,00-0033077,QB,320.06609928667547,0.26394389828667286,10.134037551851945,14.0
56,RB22,56.8,Mike Davis,None,None,00-0032063,RB,144.75540044665337,0.014323409736281434,4.2646734827108865,206.0
57,RB23,57.2,Kareem Hunt,CLE,13,00-0033923,RB,105.10010048359632,0.008608412241683183,6.573060486345612,85.0
58,TE6,58.2,T.J. Hockenson,MIN,7,00-0035229,TE,142.60490000486374,0.4714349097410846,6.177588288406532,97.0
59,RB24,60.0,Darrell Henderson,None,None,00-0035664,RB,157.54684977849428,0.2631031542136206,6.696003651210739,77.0
60,RB25,60.6,Javonte Williams,DEN,11,00-0036997,RB,151.59896905941588,0.01865313716726469,4.468119776213511,186.0
61,WR23,60.8,Brandon Aiyuk,SF,6,00-0036261,WR,177.38780131548643,0.17337099298391223,5.630054287600907,118.0
62,RB26,62.0,Chase Edmonds,TB,9,00-0034681,RB,137.03913355059922,0.0465089248468562,5.733218360365062,111.0
63,QB8,62.2,Justin Herbert,LAC,7,00-0036355,QB,379.3693000626564,0.6829820665366491,11.499411623346454,5.0
64,WR24,64.8,Tee Higgins,CIN,10,00-0036410,WR,219.5276001101732,0.09222408098035473,7.886383472996363,42.0
66,WR25,67.8,Odell Beckham,BAL,8,00-0031235,WR,131.46446680862954,0.10265520099420478,4.746487129376729,165.0
67,RB28,68.8,Raheem Mostert,MIA,14,00-0031687,RB,5.729900017753243,0.05975694204577131,2.894828479899507,389.0
68,WR26,69.2,Chase Claypool,MIA,14,00-0036326,WR,169.46023380043607,0.21061133781116936,5.75398012892012,109.0
69,WR27,70.8,JuJu Smith-Schuster,NE,14,00-0033857,WR,42.97919961556792,0.011135672653468376,4.303487797883526,197.0
70,QB9,71.8,Tom Brady,None,None,00-0019596,QB,367.75860493153334,0.06870028881466084,10.850779701217135,11.0
71,RB29,72.0,Damien Harris,BUF,7,00-0035657,RB,214.20684747971595,1.1276708164910492,7.70406365756939,47.0
72,WR28,72.4,Jerry Jeudy,DEN,11,00-0036407,WR,84.32730974053726,0.014018530914787775,4.223374752484257,212.0
73,WR29,74.4,Ja'Marr Chase,CIN,10,00-0036900,WR,142.3659600099434,0.004820857076600404,4.189644546477812,216.0
74,WR30,74.8,Kenny Golladay,None,None,00-0033932,WR,91.76029966905713,0.01666517327832029,3.2854861462483433,326.0
75,WR31,77.0,DeVonta Smith,PHI,14,00-0036912,WR,131.22140969929313,0.07455641585168937,3.8967314343756425,240.0
78,WR34,79.6,Courtland Sutton,DEN,11,00-0034348,WR,145.4274199742273,0.025036498572285737,4.2897953073516515,200.0
80,TE7,81.2,Logan Thomas,WAS,9,00-0031260,TE,52.963399938941,0.2615236416980622,5.427101814743131,130.0
81,TE8,84.2,Noah Fant,SEA,9,00-0035644,TE,163.21575121432542,0.23180105321812938,5.216392752056734,137.0
82,RB31,86.4,Leonard Fournette,BUF,7,00-0033856,RB,241.60490101456642,1.4965930066265916,9.377042968119241,22.0
83,RB32,87.2,Trey Sermon,IND,14,00-0036984,RB,34.26860872628054,0.024800091696596915,3.4392609184763523,304.0
84,WR35,88.0,Deebo Samuel,SF,6,00-0035719,WR,329.7053988513351,1.1069639956458133,10.856775711927128,10.0
85,QB10,88.2,Matthew Stafford,LAR,11,00-0026498,QB,328.2148995065689,0.76053377363721,10.033646284070631,17.0
86,TE9,88.4,Robert Tonyan,CHI,10,00-0033757,TE,52.656399241387845,0.19472133756622068,3.3883856213698507,314.0
87,WR36,91.2,Tyler Boyd,CIN,10,00-0033009,WR,182.28200054556132,0.07019168488060323,5.731408359489093,112.0
88,RB33,91.8,Ronald Jones,None,None,00-0034816,RB,81.5313009557873,0.08962008258700305,2.762520073153078,405.0
89,WR37,91.8,Laviska Shenault,CAR,13,00-0036268,WR,134.699399090223,0.04424420725991496,4.231478325199427,211.0
90,WR38,92.8,Brandin Cooks,DAL,7,00-0031236,WR,224.92450089097022,0.02220447656626945,7.039992891125954,68.0
91,RB34,93.4,Michael Carter,ARI,12,00-0036924,RB,95.01674444356127,0.05752929046953348,3.4222198039333835,307.0
92,QB11,93.4,Ryan Tannehill,TEN,13,00-0029701,QB,275.9180017125607,0.10442521583069819,8.167447952402428,37.0
93,WR39,94.6,Antonio Brown,None,None,00-0027793,WR,122.04470003664494,0.05651027541951947,8.745733711755827,32.0
94,WR40,95.6,Corey Davis,None,None,00-0033871,WR,98.14579269131025,0.16712676276027594,5.536107419786263,124.0
95,QB12,97.0,Jalen Hurts,PHI,14,00-0036389,QB,301.64690292405584,0.10566232285317412,10.107727925561782,15.0
96,TE10,99.2,Dallas Goedert,PHI,14,00-0034351,TE,171.1846013599634,0.5701146797175998,5.991210718524247,102.0
97,RB35,100.8,James Conner,ARI,12,00-0033553,RB,261.85539746813475,0.19953356826376023,8.828280033069705,29.0
98,WR41,102.0,DJ Chark,CAR,13,00-0034777,WR,33.96730004765094,0.025084429187907986,5.6737588892024435,116.0
99,WR42,103.4,Jarvis Landry,None,None,00-0031382,WR,138.6057995650172,0.15785826298718497,5.854170780035976,107.0
102,WR43,106.4,Michael Pittman,IND,14,00-0036252,WR,234.5953492184214,0.6680196520273132,7.233873038320168,62.0
103,RB37,106.4,Kenyan Drake,GB,13,00-0033118,RB,106.34889879949391,0.08484931794424533,4.473628775617702,185.0
104,RB38,106.6,Zack Moss,IND,14,00-0036251,RB,102.21429391771188,0.024155211574473867,3.9433966026223093,232.0
105,WR44,107.4,Jaylen Waddle,MIA,14,00-0036613,WR,125.05305993601688,0.09690979310145931,3.956363019551257,230.0
108,TE11,109.8,Mike Gesicki,NE,14,00-0034829,TE,163.38900134183467,1.2202176834862026,5.415667704738238,131.0
110,QB13,111.2,Joe Burrow,CIN,10,00-0036442,QB,315.8429969140887,0.41352893718207895,10.076858122156311,16.0
111,TE12,112.0,Tyler Higbee,LAR,11,00-0033110,TE,149.53775096515815,0.35806567168693526,5.163624534682072,143.0
112,RB39,112.4,Devin Singletary,HOU,10,00-0035250,RB,193.348120807619,0.37566007937497403,5.874539475205693,106.0
113,RB40,116.4,Jamaal Williams,NO,6,00-0033948,RB,116.51130907583385,0.04482197518900044,4.503615182818879,181.0
114,RB41,117.8,Sony Michel,None,None,00-0034845,RB,143.43426437841376,0.2383095313858572,4.3378096003521565,192.0
115,WR46,118.0,Michael Gallup,DAL,7,00-0034764,WR,92.00010043025017,0.010740780559796548,5.116487080849352,146.0
116,WR47,118.2,Curtis Samuel,WAS,9,00-0033282,WR,19.03930003941059,0.08616000457480544,1.9470100062284619,517.0
118,WR48,122.4,Marvin Jones,None,None,00-0029293,WR,182.3185160125171,0.1430401477732115,5.433829368372403,129.0
119,WR49,123.0,Marquez Callaway,NO,6,00-0036219,WR,149.9663882036544,0.02120683244764976,4.421379539860719,189.0
120,WR50,123.0,Mike Williams,LAC,7,00-0033536,WR,247.70300309062006,0.025660729242060754,7.753549211202907,45.0
121,TE13,123.0,Jonnu Smith,ATL,6,00-0033858,TE,73.22283300533891,0.03245157480532157,2.4569868875806247,450.0
122,WR51,123.2,Marquise Brown,ARI,12,00-0035662,WR,222.43729982733726,0.08815626610070382,6.995243752654641,69.0
124,RB42,124.0,Nyheim Hines,BUF,7,00-0034367,RB,118.50139976408333,0.056568706406689095,3.513619640382266,293.0
125,TE14,125.6,Rob Gronkowski,None,None,00-0027656,TE,165.1055302150796,1.0646578172987535,7.41172600094436,57.0
126,K1,127.8,Harrison Butker,KC,12,00-0033303,K,140.32555002817512,0.24820882461176197,4.25132647195809,207.0
127,K2,127.8,Justin Tucker,BAL,8,00-0029597,K,156.77608339230218,0.002757845934405978,4.612440199211385,172.0
128,QB14,128.0,Trevor Lawrence,JAC,7,00-0036971,QB,181.88929637110164,0.05000828645060196,5.374689330610643,133.0
129,WR52,128.6,Darnell Mooney,CHI,10,00-0036309,WR,216.14113017677917,0.08017441798267733,6.397179273014255,91.0
131,RB43,129.8,David Johnson,None,None,00-0032187,RB,88.52200048692525,0.022474335443170013,3.415929494141787,309.0
132,RB44,132.6,Tony Pollard,DAL,7,00-0035261,RB,156.18311541257515,0.08802989293213237,5.250118793551905,136.0
133,WR54,132.8,Mecole Hardman,KC,12,00-0035140,WR,133.93897613094342,0.0044878145285700555,3.9416255581743855,234.0
134,WR55,134.2,DeVante Parker,NE,14,00-0031547,WR,104.37330009073018,0.04655004632969728,5.821791694872081,108.0
136,QB15,138.6,Baker Mayfield,TB,9,00-0034855,QB,183.01269968103617,0.012748314933185512,6.542542003217885,88.0
138,RB45,139.8,J.D. McKissic,None,None,00-0032602,RB,136.47919909596442,0.026624798576600384,6.216912358195774,95.0
139,QB16,140.8,Justin Fields,CHI,10,00-0036945,QB,108.93060527613787,0.39625027916582667,4.736900359421991,166.0
140,QB17,141.8,Matt Ryan,None,None,00-0026143,QB,227.14639990329744,0.24061498686006644,6.801083961174076,75.0
141,K3,143.2,Younghoe Koo,ATL,6,00-0033702,K,124.69571130685948,0.023159490278358952,3.6791006659291643,264.0
142,WR56,143.8,Cole Beasley,None,None,00-0029000,WR,162.4241318882505,0.07620820189515776,5.113858222455407,148.0
143,WR57,145.0,Jakobi Meyers,LV,8,00-0034960,WR,188.78939831256866,0.20230405112107697,6.000820722828309,101.0
144,WR58,145.6,Elijah Moore,CLE,13,00-0036980,WR,106.02397367709627,0.03510736045963725,4.836825211006921,155.0
145,RB46,146.2,Phillip Lindsay,None,None,00-0034109,RB,48.99356963438682,0.03169071705862336,1.7656157026145554,540.0
146,WR59,148.8,Russell Gage,TB,9,00-0034411,WR,164.24212623082101,0.6460920553779186,6.640050882720537,80.0
147,QB18,149.0,Trey Lance,DAL,7,00-0037012,QB,63.89617252992049,0.7717215241657804,5.710541806242931,113.0
148,RB47,151.8,James White,None,None,00-0031062,RB,30.921100355908276,0.032733558345409364,5.169883505157418,141.0
150,TE15,153.2,Hunter Henry,NE,14,00-0033090,TE,165.2985015374422,0.0263095089867722,5.178732927538455,139.0
151,RB48,154.2,Alexander Mattison,MIN,7,00-0034972,RB,125.41572451353073,0.03717333267692524,3.937828057386298,235.0
152,K4,155.0,Tyler Bass,BUF,7,00-0036162,K,152.7101184721511,0.02635703866707395,4.504652592043863,180.0
153,QB19,157.8,Kirk Cousins,MIN,7,00-0029604,QB,296.7396003338695,1.10926787838606,9.827746449626451,18.0
154,QB20,158.6,Tua Tagovailoa,MIA,14,00-0036212,QB,178.84000230588018,0.022978421291970363,6.889950837795222,72.0
156,TE16,159.8,Evan Engram,JAC,7,00-0033881,TE,108.28059589383999,0.018593923934963286,3.6186501584288147,274.0
158,K5,163.4,Jason Sanders,MIA,14,00-0034794,K,115.88412734565836,0.585919255560345,3.701316314417183,260.0
159,QB21,165.0,Ben Roethlisberger,None,None,00-0022924,QB,216.70690198503434,0.18262843857656108,6.8634049063206035,74.0
160,TE17,165.2,Zach Ertz,None,None,00-0030061,TE,184.317265319426,0.2495120898250942,5.545852083719194,123.0
161,TE18,165.4,Jared Cook,None,None,00-0027061,TE,132.97191354351241,0.26418573306504456,4.287465164767285,201.0
163,RB49,167.8,Tevin Coleman,None,None,00-0032058,RB,51.461400051862,0.014759149449791842,2.346534122536805,474.0
164,QB22,168.2,Jameis Winston,NO,6,00-0031503,QB,120.04600077394396,0.9189579930178375,9.034193337504917,26.0
165,RB50,169.0,Rhamondre Stevenson,NE,14,00-0036875,RB,89.09534752593221,0.01123078098674668,3.7179215374072156,258.0
166,WR60,172.4,Sterling Shepard,NYG,10,00-0032385,WR,76.39356612463793,0.008278512421739492,5.4608225508278645,128.0
167,TE19,174.2,Austin Hooper,LV,8,00-0032392,TE,95.8099285141089,0.2816295313667476,3.334479049487004,320.0
169,RB51,174.4,Giovani Bernard,None,None,00-0030456,RB,63.65740012690425,0.09650686431365507,3.23112343850204,342.0
170,WR61,176.2,Nelson Agholor,BAL,8,00-0031549,WR,107.02090051867069,0.09497512957400289,3.8696625833109546,243.0
171,RB52,176.6,Chuba Hubbard,CAR,13,00-0036555,RB,106.27755387265843,0.056834525273095515,3.3495908211571237,317.0
172,QB23,177.0,Mac Jones,NE,14,00-0036972,QB,191.49171965112788,0.15255341870544825,5.708386110856486,114.0
173,WR62,177.0,Rondale Moore,ARI,12,00-0036936,WR,102.44364680601663,0.02645307517528206,3.6719282092310923,268.0
175,K8,177.6,Greg Zuerlein,NYJ,6,00-0029621,K,124.85891391940332,0.009600153679048873,3.6771210744690337,266.0
176,RB53,177.8,Kenneth Gainwell,PHI,14,00-0036919,RB,100.30773037402832,0.026045081299864492,3.1476391148383174,351.0
177,TE20,179.6,Gerald Everett,LAC,7,00-0033895,TE,117.03987411136428,0.34565825995471755,4.074158267022835,222.0
178,QB24,182.8,Ryan Fitzpatrick,None,None,00-0023682,QB,7.180899988114834,0.30531356186987413,3.743106774992354,257.0
179,K9,183.6,Daniel Carlson,LV,8,00-0034161,K,176.65150001093747,0.9692647055317387,5.680264706028736,115.0
181,QB25,186.4,Derek Carr,NO,6,00-0031280,QB,259.24830211907624,0.2840706881530153,7.76698540640228,44.0
182,WR63,187.4,Jalen Reagor,NE,14,00-0036387,WR,80.83568284297215,0.013190156429397248,2.3841151618315264,464.0
183,TE21,187.4,Cole Kmet,CHI,10,00-0036290,TE,116.51783257929483,0.1546348009308547,3.50431247632704,297.0
184,WR64,188.4,Tyrell Williams,None,None,00-0032160,WR,3.961405199483747,0.07496075840779293,2.01818297894577,507.0
186,RB54,190.6,Rashaad Penny,PHI,14,00-0034750,RB,117.21129923179745,0.25996969850361396,5.99054981084168,103.0
187,WR65,191.0,Terrace Marshall,CAR,13,00-0036955,WR,69.95604806521123,0.007587246821229243,2.9186289594610826,386.0
189,QB26,192.4,Zach Wilson,NYJ,6,00-0037013,QB,141.6811958021565,0.19402849488738916,5.546291009065099,122.0
190,K10,193.4,Jason Myers,SEA,9,00-0031492,K,105.87162500455976,0.5289607829387286,3.3783517151328866,315.0
191,RB55,194.2,Latavius Murray,BUF,7,00-0030513,RB,103.78734117977314,0.1316847504922043,3.772533131666571,254.0
192,K11,195.0,Mason Crosby,LAR,11,00-0025580,K,123.35849998056888,0.13342014102746713,3.6949012464128184,261.0
193,WR66,195.4,Emmanuel Sanders,None,None,00-0027685,WR,134.44809981532396,0.06105335535153067,4.8322445282230495,156.0
194,WR67,197.0,A.J. Green,None,None,00-0027942,WR,151.9188102476463,0.10460658271863998,4.799766111598267,159.0
195,RB56,198.6,Ty'Son Williams,None,None,00-0036457,RB,67.11634652607657,0.08932726869876717,4.838688386211996,154.0
196,WR68,199.6,Randall Cobb,NYJ,6,00-0028002,WR,96.80379956308752,0.1810110383699115,4.490678226598025,184.0
197,WR69,204.6,Gabe Davis,BUF,7,00-0036196,WR,125.54471068203634,0.04432777996581727,4.20698757938412,215.0
198,K12,207.2,Matt Prater,ARI,12,00-0023853,K,148.82141074802195,0.2417006336061771,4.497950632921381,182.0
199,QB27,207.2,Daniel Jones,NYG,10,00-0035710,QB,177.38650020457806,0.8196459104120741,8.472845691777767,35.0
201,WR70,207.4,Bryan Edwards,None,None,00-0036365,WR,107.49519971888512,0.1257734542385851,3.4221117183344525,308.0
202,K13,209.0,Matt Gay,IND,14,00-0035269,K,142.3569999872893,0.1194970564184814,4.2467191160706905,209.0
204,TE22,210.4,Pat Freiermuth,PIT,7,00-0036894,TE,107.18968561267793,0.11730544561889023,3.4083303982056306,312.0
205,QB29,212.0,Sam Darnold,SF,6,00-0034869,QB,156.00160010650754,0.5523665964230897,6.776249969316026,76.0
206,RB57,213.2,Darrel Williams,None,None,00-0034301,RB,186.96189945824443,0.17433768026709728,5.586048235964268,120.0
207,TE23,215.4,Anthony Firkser,DET,9,00-0033455,TE,80.376200360246,0.09774661177148403,2.7280799845606087,410.0
208,K14,195.5,Brandon McManus,JAC,7,00-0029822,K,121.09035758310195,0.10193867994867478,3.6124504453596886,276.0
209,TE24,217.2,Eric Ebron,None,None,00-0031387,TE,39.77837912095586,0.0006723896327116563,2.486484889876097,445.0
210,TE25,219.0,Blake Jarwin,None,None,00-0033658,TE,32.21099999178201,0.023571367077529715,2.31257139723748,481.0
211,WR71,198.5,Amon-Ra St. Brown,DET,9,00-0036963,WR,116.19551073531842,0.027097807114346395,3.644658614035874,270.0
212,RB58,221.6,Mark Ingram,None,None,00-0027966,RB,109.21833229186244,0.010174766577686789,3.905742107998216,238.0
214,WR72,223.6,Parris Campbell,NYG,10,00-0035639,WR,34.93250055167824,0.10558348419144714,2.963833454735577,377.0
216,RB60,207.0,Tony Jones,ARI,12,00-0035860,RB,25.821700237505137,0.03646840427223985,1.3093192140113767,602.0
218,TE26,207.5,Adam Trautman,DEN,11,00-0036422,TE,63.87199932932854,0.18793538974702528,2.9972403916611734,371.0
220,WR73,209.3,Christian Kirk,JAC,7,00-0034775,WR,203.79460012964904,0.18858026014969553,6.088248957417466,99.0
221,WR74,228.2,Jamison Crowder,WAS,9,00-0031941,WR,111.45196628118059,0.3098870141090053,4.798775435437027,160.0
222,RB61,210.5,Ty Johnson,BUF,7,00-0035537,RB,115.41538372336088,0.07924231025074313,3.886800612570734,242.0
223,WR75,210.5,T.Y. Hilton,None,None,00-0029608,WR,79.23763361337284,0.04500005951708275,3.9843817104271833,227.0
224,RB62,211.5,Damien Williams,None,None,00-0030874,RB,61.90503555225847,0.04682358191412472,3.118663568569986,356.0
227,QB30,231.8,Carson Wentz,LAR,11,00-0032950,QB,254.419100420475,0.11785104717163186,7.5418402418350805,53.0
228,WR76,214.3,Rashod Bateman,BAL,8,00-0036550,WR,89.77222896332725,0.006255054695376572,3.7436370674863237,256.0
229,WR77,215.8,Tre'Quan Smith,DEN,11,00-0034765,WR,85.84704250460115,0.0016743810228980749,4.293189315741507,199.0
230,RB63,218.3,Malcolm Brown,None,None,00-0031806,RB,24.029500115700067,0.04971671355888274,2.027316699754447,504.0
231,RB64,223.5,Marlon Mack,ARI,12,00-0033951,RB,18.47608992630456,0.17821799525214077,1.9367179902565264,521.0
232,K16,229.5,Graham Gano,NYG,10,00-0026858,K,124.30199997212738,0.05549999950344109,3.683691175402526,263.0
233,RB65,200.0,Devontae Booker,None,None,00-0032972,RB,144.65684823747725,0.07864462439357034,4.559848819617949,176.0
235,WR78,227.8,Allen Lazard,NYJ,6,00-0034521,WR,142.54532443873518,0.030300645465427323,5.106054766973256,149.0
238,WR79,230.0,Marquez Valdes-Scantling,KC,12,00-0034272,WR,91.57851558720266,0.03213806670767205,4.178728832772139,217.0
240,RB66,232.3,Le'Veon Bell,None,None,00-0030496,RB,40.93915029742569,0.0008543016031188344,2.559124044390665,434.0
241,QB31,234.8,Cam Newton,None,None,00-0027939,QB,86.40489966273307,0.5037819592056003,6.423669526940877,90.0
242,K18,239.5,Chris Boswell,PIT,7,00-0031136,K,156.72920001141728,0.23641656113330534,4.727890633843631,167.0
243,RB67,235.5,Jerick McKinnon,KC,12,00-0031376,RB,40.307205170121634,0.021483224743558793,2.889827695951896,390.0
244,WR80,236.0,Sammy Watkins,None,None,00-0031325,WR,71.7919033574526,0.007147380474682663,3.266842024667005,334.0
245,QB32,238.0,Jared Goff,DET,9,00-0033106,QB,192.08750195264815,0.1763544796959362,6.948445166728259,70.0
246,RB68,238.8,Boston Scott,PHI,14,00-0034414,RB,92.9176002111559,0.017144349270118653,5.170661075254832,140.0
247,RB69,271.7,Cam Akers,MIN,7,00-0036414,RB,5.8205382196065925,0.05988714601965128,2.940212682813122,382.0
248,TE27,254.8,O.J. Howard,None,None,00-0033879,TE,34.64624948009848,0.03876661221931332,1.9441749438929057,518.0
249,WR81,243.8,Kadarius Toney,KC,12,00-0036913,WR,59.00115151505023,0.0013763824538814973,3.2785299420630647,328.0
251,QB33,248.8,Teddy Bridgewater,DET,9,00-0031237,QB,200.0023995372653,0.5289624269347613,7.407424054083998,58.0
252,K19,248.8,Evan McPherson,CIN,10,00-0036854,K,117.61345894836872,0.10172538839472711,3.5100820750317374,295.0
253,RB71,249.5,Carlos Hyde,None,None,00-0031045,RB,52.12127417022806,0.030472603770376416,2.3843851278046455,463.0
254,WR82,259.5,Amari Rodgers,None,None,00-0036991,WR,25.6905434913752,0.06163587290340544,3.242135872873603,340.0
255,RB72,238.0,Darrynton Evans,MIA,14,00-0036297,RB,4.321199983557066,0.2685399116923417,2.294869947624704,484.0
256,WR83,241.0,Nico Collins,HOU,10,00-0036554,WR,102.07330375356268,0.02873084715421914,3.65984055763292,269.0
258,RB73,244.7,Benny Snell,None,None,00-0035217,RB,21.474797627067282,0.16650749681933674,0.9092075032968715,645.0
261,TE29,246.7,Hayden Hurst,CAR,13,00-0034830,TE,65.18860076183826,0.07397003947012148,2.753176718144988,407.0
262,WR85,260.8,Hunter Renfrow,LV,8,00-0034983,WR,251.21466914956767,0.018453445297245352,7.39789346234179,60.0
263,TE30,247.0,Taysom Hill,NO,6,00-0033357,QB,118.05428554315665,0.3946906562316368,5.1162738924140125,147.0
264,RB74,248.3,Cordarrelle Patterson,ATL,6,00-0030578,RB,230.25566691090663,0.08525413551678263,7.238116658724223,61.0
266,RB75,250.3,Salvon Ahmed,MIA,14,00-0036020,RB,43.31189964246005,0.06549560851329295,2.001470515277558,510.0
267,RB76,251.3,J.J. Taylor,HOU,10,00-0036096,RB,20.263300359323623,0.047743385914713166,2.0502017288897187,501.0
268,RB77,235.0,Justin Jackson,None,None,00-0034440,RB,85.4278578986153,0.030856163616268972,3.3011149240625692,323.0
269,K21,249.5,Cairo Santos,CHI,10,00-0031203,K,118.05899999860674,0.02620829707282546,3.4854276779071993,300.0
270,TE31,260.3,Jimmy Graham,NO,6,00-0027696,TE,51.6437706053257,0.0018525066657302247,2.3483703717567606,473.0
271,WR86,271.3,Donovan Peoples-Jones,DET,9,00-0036233,WR,104.52271839520856,0.008755693636087969,4.024482400479911,226.0
272,QB34,262.3,Jimmy Garoppolo,LV,8,00-0031345,QB,222.71967583990346,0.5620927080936617,7.7050355487102795,46.0
273,TE32,186.0,Jordan Akins,CLE,13,00-0034364,TE,48.10570038713515,0.03680829449689815,2.0228083300457467,506.0
274,WR87,273.7,John Brown,None,None,00-0031051,WR,8.789699975401163,0.05120831156273686,1.4905541516815624,576.0
276,K22,286.3,Dustin Hopkins,CLE,13,00-0030098,K,136.10600000977516,0.6615932994336378,4.3339142970631475,193.0
277,TE33,200.0,Giovanni Ricci,CAR,13,00-0035956,RB,5.379156690108911,0.10740832130394207,1.3984933331791989,588.0
278,TE34,269.0,Dalton Schultz,HOU,10,00-0034383,TE,204.57650052309037,0.15017012840392496,6.092040961939914,98.0
279,RB78,252.5,Wayne Gallman,None,None,00-0033950,RB,17.05804608818392,0.09430066114814961,1.4686541712560683,578.0
283,K24,284.0,Chase McLaughlin,TB,9,00-0035358,K,79.38779999371619,0.0938534284762893,2.3818620081709736,466.0
284,TE35,259.0,Juwan Johnson,NO,6,00-0036040,TE,49.563000116720794,0.06947246146289654,2.0998612355948145,498.0
285,TE36,274.0,Dawson Knox,BUF,7,00-0035689,TE,154.5727025565505,0.10386238620802679,5.204354611655696,138.0
286,K25,280.5,Michael Badgley,DET,9,00-0034084,K,96.87929169460138,0.6765283770213992,3.1876551207048576,346.0
288,RB81,219.0,Elijah Mitchell,SF,6,00-0036567,RB,79.29471028334046,0.03452778802464529,3.6215689068914347,273.0
289,WR88,261.5,Denzel Mims,PIT,7,00-0036255,WR,28.78691680237651,0.012085265633780207,1.4453884729357156,583.0
290,K26,281.5,Ka'imi Fairbairn,HOU,10,00-0032726,K,77.79229170961926,0.8001529370623719,2.6880850482258705,419.0
291,TE37,265.0,Tyler Kroft,MIA,14,00-0032214,TE,41.812083547686534,0.02003710779085388,2.3329120843224564,476.0
293,WR89,267.0,Byron Pringle,WAS,9,00-0034297,WR,125.36550118803979,0.0195275782514317,3.927435701251959,236.0
294,K28,286.0,Jake Elliott,PHI,14,00-0033787,K,144.71249997671694,0.13855882290750898,4.325529410768959,194.0
296,WR90,280.3,DeSean Jackson,None,None,00-0026189,WR,78.39993757437182,0.03930234215703354,2.819648941591796,401.0
297,RB82,236.0,Anthony McFarland,PIT,7,00-0036336,RB,3.3639999533817173,0.0300924669164524,0.8560462218036555,658.0
298,QB35,238.0,Andy Dalton,CAR,13,00-0027973,QB,85.63620022684336,0.005154653584735769,5.354839840970078,135.0
299,RB83,270.5,Joshua Kelley,LAC,7,00-0036370,RB,25.645378599525564,0.012937895237441044,1.6093051100890683,561.0
300,TE38,270.5,Dan Arnold,None,None,00-0034011,TE,72.00112468987703,0.014612479937927247,3.607362474462815,278.0
302,RB85,240.0,Jake Funk,None,None,00-0036860,RB,7.7438996270570595,0.12470734711288456,1.9983285803207071,511.0
305,RB87,244.0,Royce Freeman,LAR,11,00-0034838,RB,41.2196671305721,0.0149757652103224,1.8811091158129838,524.0
310,RB89,277.0,Jaret Patterson,LAC,7,00-0036755,RB,95.60490314983315,0.019537000719107134,3.424229327139309,306.0
311,K31,295.0,Nick Folk,TEN,13,00-0025565,K,160.1740000168979,0.1998774485056316,4.810938724749813,157.0
313,K32,300.0,Joey Slye,WAS,9,00-0035192,K,105.92350000113248,0.0030514703866311166,3.1169227940501534,357.0
314,WR92,278.5,Demarcus Robinson,LAR,11,00-0032775,WR,76.04650099229067,0.03298193080517642,2.7324374294129696,408.0
315,RB90,255.0,La'Mical Perine,KC,12,00-0036269,RB,6.2999328066827065,0.07960272130362611,1.6147845623224897,560.0
317,WR93,279.5,Anthony Miller,None,None,00-0034353,WR,16.10560000577569,0.05203334904875945,2.710283342153661,415.0
319,WR94,257.0,Breshad Perriman,None,None,00-0032054,WR,35.92579142354015,0.027624952534005764,3.6063916186210174,279.0
323,WR97,294.0,Van Jefferson,ATL,6,00-0036415,WR,162.22049987763165,0.04745670526514445,4.794919525504091,161.0
324,TE40,312.5,Donald Parham,LAC,7,00-0035329,TE,62.402499371618035,0.19579338846674244,2.698000834717456,417.0
326,RB92,282.5,Samaje Perine,DEN,11,00-0033526,RB,86.40976610380412,0.002478906426707894,2.8815649900068245,391.0
327,WR99,263.0,Tyler Davis,None,None,00-0036250,TE,10.54350013434887,0.02987503752112408,1.3328750355541708,599.0
328,TE41,324.0,David Njoku,CLE,13,00-0033885,TE,111.85500021204352,0.23829362121356912,3.847646817674902,246.0
336,RB95,270.0,Alex Collins,None,None,00-0032426,RB,71.19253176940698,0.044980193692438775,3.2585142681829002,335.0
338,WR103,286.5,Darius Slayton,NYG,10,00-0035535,WR,74.0613265055788,0.015231362368793633,2.856128239091274,396.0
340,RB97,271.0,Mekhi Sargent,None,None,00-0036698,RB,26.162070083570402,0.004400794779738426,3.2724591578361695,333.0
343,RB100,353.5,Kyle Juszczyk,SF,6,00-0029892,RB,76.74809228362639,0.008042390853248982,2.5622909382141708,433.0
347,QB38,275.0,Mike White,MIA,14,00-0034401,QB,33.68194729916617,0.9809493729170775,4.70071809885431,168.0
349,QB39,289.5,Tyrod Taylor,NYG,10,00-0028118,QB,78.72562769176811,0.00040461986387718696,6.560671284245948,86.0
351,WR106,277.0,Keke Coutee,None,None,00-0034366,WR,5.656500022411347,0.05650448138478836,2.8565022518980676,395.0
354,RB105,278.0,Mike Boone,HOU,10,00-0034208,RB,9.260500057935715,0.00037505341896082456,2.3153125411934092,480.0
356,WR107,291.0,Quez Watkins,PHI,14,00-0036271,WR,120.9901701122864,0.015014615877327664,3.566041723005911,285.0
359,RB107,297.0,Chris Evans,CIN,10,00-0036857,RB,73.5419255843592,0.2592782673076739,4.215301666118238,214.0
361,TE45,339.5,Tyler Conklin,NYJ,6,00-0034270,TE,136.79150067787617,0.07615251857349126,4.061355690988986,225.0
362,WR108,302.5,Josh Reynolds,DET,9,00-0033943,WR,78.6418486103043,0.028841036777942364,3.9465129489041857,231.0
364,K36,326.5,Randy Bullock,NYG,10,00-0029421,K,119.35740002397448,0.0763764720804545,3.548700001451241,290.0
365,WR109,304.0,Dyami Brown,WAS,9,00-0036626,WR,79.87245622695987,0.05316511127730905,4.463941234914203,188.0
366,WR110,296.0,Scott Miller,ATL,6,00-0035298,WR,20.96559977158904,0.07112317877926433,2.1321215665485362,491.0
367,RB108,349.5,Adrian Peterson,None,None,00-0025394,RB,26.342050367072225,0.014138907259186873,3.2998257495136216,324.0
369,TE46,308.0,C.J. Uzomah,NYJ,6,00-0032134,TE,127.52650151729584,0.1677480707400374,4.069077207785513,223.0
370,TE47,291.0,Mo Alie-Cox,IND,14,00-0033217,TE,82.43420063436031,0.0012189614213271582,2.4251447934859667,455.0
371,WR111,320.5,Kendrick Bourne,NE,14,00-0033307,WR,173.5953742098449,0.029683712098027115,5.120588156338569,145.0
375,QB41,296.0,Drew Lock,SEA,9,00-0035704,QB,51.73569933377206,0.20212973083713415,4.412373143232905,190.0
376,WR112,313.5,Rashard Higgins,None,None,00-0032977,WR,60.640799684301015,0.023847953530522048,2.5386239636111365,437.0
377,RB109,297.0,Jalen Richard,None,None,00-0033025,RB,27.40249965120107,0.11381246796343447,1.769562462181784,538.0
378,RB110,299.0,Eno Benjamin,NO,6,00-0036383,RB,53.30581623247988,0.03196306412397565,3.823539834381979,247.0
380,TE48,344.5,Jack Doyle,None,None,00-0030181,TE,78.90949943840504,0.060425014925499454,2.6605291554095842,425.0
382,WR114,307.0,Olamide Zaccheaus,PHI,14,00-0035208,WR,94.02824623676673,0.11346277435110874,3.1910062617344455,345.0
383,WR115,308.0,Quintez Cephus,DET,9,00-0036277,WR,44.83598282307883,0.09247920606466842,4.529837885340217,177.0
384,WR116,309.0,Adam Humphries,None,None,00-0032009,WR,82.82331933437261,0.04331709291148922,2.4576385268784686,449.0
386,RB111,313.0,Ke'Shawn Vaughn,TB,9,00-0036450,RB,39.21670035667717,0.04584526203762884,3.2909809940752455,325.0
387,WR118,317.0,Tim Patrick,DEN,11,00-0033375,WR,155.4452987119183,0.07678810794068802,4.896059638717791,153.0
388,RB112,318.0,Kalen Ballage,None,None,00-0034799,RB,17.00932147802519,0.06624520474126827,1.0962051947472085,630.0
389,WR119,319.0,Chris Conley,SF,6,00-0032128,WR,65.87407472488533,0.16576589960668642,2.435528475692105,453.0
391,WR120,325.0,Deonte Harty,BUF,7,00-0035215,WR,116.71109895452857,0.010580278040277946,4.4941785603481605,183.0
392,WR121,329.0,David Moore,TB,9,00-0033589,WR,2.243000000678003,0.2099999674782156,1.2264999840781092,612.0
394,RB115,335.0,D'Onta Foreman,CHI,10,00-0033925,RB,85.48850011523812,0.11203163591606469,4.805376935471261,158.0
395,RB116,337.0,Ito Smith,None,None,00-0034378,RB,6.3825000554323195,0.016760042741894132,3.199630049087107,344.0
396,WR122,341.0,Zach Pascal,ARI,12,00-0033251,WR,97.18212989937071,0.055382991301483386,3.0646330550060763,362.0
397,RB117,343.0,Ameer Abdullah,LV,8,00-0032104,RB,89.7907267254442,0.0016995661345715618,2.9938740072487593,373.0
400,WR125,352.0,Marquise Goodwin,CLE,13,00-0030068,WR,57.69810329285404,0.08801533786524907,2.1046542151059833,497.0
401,RB118,353.0,Jonathan Williams,WAS,9,00-0032975,RB,23.149374877744485,0.14931348000281464,2.3895942277758557,460.0
403,TE49,355.0,Stephen Anderson,LAC,7,00-0032725,TE,39.98831164733782,0.01682592823872442,1.8260634935438085,533.0
405,QB43,359.0,Marcus Mariota,PHI,14,00-0032268,QB,19.58140010163188,0.5214120323804781,1.6593774520210876,553.0
406,RB119,360.0,Matt Breida,NYG,10,00-0033308,RB,43.670749853104354,0.04298661734190823,3.140832583892694,353.0
407,WR127,362.0,Tylan Wallace,BAL,8,00-0036630,WR,26.150567783760184,0.011105277080718956,3.2743736115103825,331.0
409,WR129,366.0,James Washington,None,None,00-0034676,WR,70.70471506017869,0.008356618901055768,2.3610021447898175,470.0
410,WR130,368.0,N'Keal Harry,MIN,7,00-0035624,WR,36.299499790333215,0.017897128916552596,2.0255874416990105,505.0
413,WR132,372.0,Preston Williams,None,None,00-0035350,WR,20.790001055382547,0.29154303473240084,1.878271605314746,525.0
414,WR133,373.0,Jalen Guyton,LAC,7,00-0035414,WR,101.07656688163678,0.04121928842929368,3.179252359265796,347.0
416,WR135,375.0,Cam Sims,CAR,13,00-0034104,WR,51.63649969067425,0.016636649525413993,2.5901433092964194,430.0
417,WR136,376.0,Shi Smith,TEN,13,00-0036572,WR,35.779335421794215,0.02786684418192742,3.5918669642703853,280.0
418,WR137,377.0,Damiere Byrd,None,None,00-0031868,WR,75.2486121895364,0.04165796416471501,3.441220445243103,303.0
420,WR138,379.0,Albert Wilson,None,None,00-0030669,WR,50.131329400112975,0.046432964600199966,2.529782952305749,439.0
421,QB45,380.0,Sam Ehlinger,IND,14,00-0036879,QB,20.17545742980921,0.22971906217364335,3.477435769388357,302.0
422,WR139,381.0,Anthony Schwartz,MIA,14,00-0036999,WR,70.01993062987954,0.005323547055692046,2.92015888310616,384.0
424,WR140,385.0,Tyler Johnson,LAR,11,00-0036427,WR,74.50049963116646,0.05002852269191216,2.508364249051505,443.0
426,WR142,387.0,Dez Fitzpatrick,PIT,7,00-0036627,WR,18.28877496366211,0.022375202510033887,3.0593167618653685,363.0
427,QB46,388.0,Jordan Love,GB,13,00-0036264,QB,38.501614171442355,0.13286077953700737,3.2748982373887,330.0
428,TE50,389.0,Foster Moreau,NO,6,00-0034981,TE,83.98449923366309,0.14471811774869803,3.571713193610311,283.0
429,RB121,391.0,Ty Montgomery,None,None,00-0032200,WR,31.489000043310227,0.06353637636385212,1.4630863719687546,581.0
432,K39,394.0,Matt Ammendola,HOU,10,00-0036469,K,64.18969177955894,1.0868479793258796,2.431356100826438,454.0
433,QB47,395.0,Jacob Eason,None,None,00-0036226,QB,9.877640564154301,0.039783435557913194,4.958711999856107,151.0
434,RB122,396.0,Jermar Jefferson,DET,9,00-0036670,RB,31.64818719048451,0.049408803950982794,3.980727800786055,228.0
435,RB123,397.0,Jaylen Samuels,None,None,00-0034331,RB,6.935699942223728,0.042537514711730395,1.7551937429117972,542.0
441,RB125,404.0,Kylin Hill,None,None,00-0036669,RB,23.937395528913502,0.008768561788917495,2.9965587220086465,372.0
442,WR144,405.0,Greg Ward,PHI,14,00-0033733,WR,36.73290208819343,0.03169387807044455,2.6396256596204672,426.0
443,WR145,406.0,Easop Winston,SEA,9,00-0036080,WR,9.90349011129098,0.18815894179608605,5.045824526543533,150.0
444,WR146,407.0,Mike Strachan,CAR,13,00-0036482,WR,12.55213228334601,0.0075163925552228505,3.141791267114114,352.0
445,WR147,408.0,Devin Smith,None,None,00-0031934,WR,2.4584782229833637,0.06897816873196128,1.2637281958576625,609.0
448,WR149,412.0,Dazz Newsome,None,None,00-0036907,WR,22.64812472242171,0.060278802474770465,3.804826854974337,250.0
450,WR150,414.0,Dede Westbrook,None,None,00-0033839,WR,18.83940013665706,0.008925016955472653,1.1819250170188025,617.0
452,WR151,416.0,Andy Isabella,BUF,7,00-0035527,WR,2.5354999696835874,0.07702174670022366,1.3062608581919055,604.0
453,WR152,417.0,Zay Jones,JAC,7,00-0033891,WR,107.36299998261035,0.0016662478151800997,3.5795997899946017,282.0
454,RB126,418.0,DeeJay Dallas,SEA,9,00-0036425,RB,68.15261126411728,0.005188377875724015,3.1004401554886476,360.0
455,RB127,419.0,Corey Clement,ARI,12,00-0033725,RB,26.72899990566075,0.019484525918960216,2.682642253525555,421.0
456,RB128,420.0,Demetric Felton,CIN,10,00-0036654,RB,85.49654147482393,0.07805394645690455,3.925233403902267,237.0
457,TE54,421.0,Will Dissly,SEA,9,00-0034159,TE,53.3735001295805,0.15879516964155282,2.3032934235532974,483.0
458,WR153,422.0,Tom Kennedy,DET,9,00-0035544,WR,47.24565292374979,0.01009062626120194,3.9421830567764164,233.0
459,TE55,423.0,Kylen Granson,IND,14,00-0036876,TE,50.04414892501427,0.022493005578635206,2.513453949040031,441.0
460,WR154,424.0,Devin Duvernay,BAL,8,00-0036331,WR,77.20519979313016,0.041313348501921254,2.594163334021966,429.0
461,TE56,425.0,Noah Gray,KC,12,00-0036637,TE,30.02297555476442,0.07616873614216235,2.1825826219828257,487.0
465,TE57,429.0,Charlie Woerner,SF,6,00-0036429,TE,11.691999917551875,0.013178527828305864,1.4680892536081374,579.0
466,K42,430.0,Greg Joseph,MIN,7,00-0034450,K,152.2620488148108,0.2023904745169922,4.579490790635285,174.0
467,WR157,431.0,Pharoh Cooper,None,None,00-0033111,WR,10.319499912038445,0.03241070167826687,0.8761636768423372,655.0
468,TE58,432.0,Kyle Rudolph,None,None,00-0027981,TE,63.192416575219895,0.037452734413522926,2.125140253047425,492.0
469,RB130,433.0,Jeremy McNichols,SF,6,00-0033955,RB,69.24210091777147,0.007225188305968189,2.666770321759579,424.0
472,QB51,437.0,Taylor Heinicke,ATL,6,00-0031800,QB,208.95339802511037,0.059454034360436836,6.559520705464918,87.0
473,WR159,438.0,Trent Sherfield,BUF,7,00-0034487,WR,27.19200004365295,0.02933331669618644,1.5253333274399237,567.0
474,QB52,439.0,Davis Mills,HOU,10,00-0036898,QB,144.45164999592697,0.0855508900390145,5.598608137170545,119.0
475,TE60,440.0,Durham Smythe,MIA,14,00-0034798,TE,69.83699873007834,0.010012854484497069,2.3329063849115266,477.0
476,QB53,441.0,Chad Henne,None,None,00-0026197,QB,9.103723357124876,0.053990786727207585,1.1649608130042133,620.0
477,K43,442.0,Eddy Pineiro,CAR,13,00-0034173,K,45.71327613101899,0.0,1.3445081215005585,598.0
478,QB54,443.0,John Wolford,TB,9,00-0034899,QB,6.5122000095993275,0.24839998476207237,1.752249994780868,545.0
479,QB55,444.0,Mike Glennon,None,None,00-0030520,QB,38.97260048657656,0.001633466631175473,3.2485334405303012,337.0
480,RB131,445.0,Rex Burkhead,None,None,00-0030288,RB,106.16414956722409,0.020840265026322413,3.8019969027711644,251.0
482,TE61,447.0,Drew Sample,CIN,10,00-0035631,TE,21.852000069618224,0.03162503033876396,1.381562519520521,593.0
483,QB56,448.0,Joe Flacco,CLE,13,00-0026158,QB,23.06730054102838,0.2331245103063324,5.883387390410261,105.0
484,QB57,449.0,Jacoby Brissett,WAS,9,00-0033119,QB,74.39537451874465,0.2586374637596309,3.8490874578170478,245.0
486,TE62,451.0,Harrison Bryant,CLE,13,00-0036232,TE,63.82254505278632,0.02790434216609672,2.4686654423440606,447.0
487,QB58,452.0,Gardner Minshew,IND,14,00-0035289,QB,37.34330023735762,0.06541172731983558,6.256589236552854,94.0
488,TE63,453.0,Jacob Hollister,None,None,00-0033387,TE,22.86489998008311,0.00785507792864859,1.9093358706379167,522.0
